group_id,origin,destination,products,farmer_names,num_farmers,num_farmer_shipments,refrigerated_required,total_weight_kg,route,route_detail,is_multimodal,modes_used,total_cost_INR,planned_time_hr,expected_delay_hr,total_expected_time_hr,shelf_life_hours,spoilage_risk_pct,spoilage_risk_level,chosen_route_is_cheapest,cheapest_alt_cost_INR,cheapest_alt_risk_pct,extra_cost_paid_to_reduce_risk_INR,all_candidate_routes
G0001,Dhenkanal,Sambalpur,Apple,Sam,1,1,True,300.0,Dhenkanal -> Sambalpur,"Dhenkanal->Sambalpur by Road (191.6km, OD-34-K-3456)",False,Road,2637.15,5.04,0.61,5.65,2160,0.3,Low,True,2637.15,0.3,0.0,"Road only: cost=INR2637, time=5.7hr, risk=0% (Low)"
G0002,Paradip,Puri,Rice,Sam,1,1,False,100.0,Paradip -> Puri,"Paradip->Puri by Road (99.3km, OD-04-AT-5432)",False,Road,3658.82,2.21,0.32,2.53,8760,0.0,Low,True,3658.82,0.0,0.0,"Road only: cost=INR3659, time=2.5hr, risk=0% (Low) | Rail only: cost=INR30060, time=2.3hr, risk=0% (Low)"
G0001,Bhubaneswar,Sambalpur,Tomato,Rasmi,1,1,True,25.0,Bhubaneswar -> Sambalpur,"Bhubaneswar->Sambalpur by Road (232.1km, OD-34-K-3456)",False,Road,1345.05,6.11,0.0,0.74,6.85,240,2026-08-22T06:06:25.989666+00:00,2026-08-22T12:57:25.990473+00:00,233.15,2.9,Low,2.9,Low,25.0,0.0,1345.05,True,Tomato: single-product load.,Selected Road only because its risk-adjusted cost was lowest. Gross cost INR 1345.05; Kisan Rail subsidy INR 0.00; net cost INR 1345.05; expected transit 6.85 hr.,1345.05,2.9,0.0,"Road only: cost=INR1345, time=6.8hr, risk=3% (Low) | Rail only: cost=INR23135, time=5.8hr, risk=2% (Low)",0.0,240.0,100.0,In transit
G0002,Bhubaneswar,Sambalpur,Cabbage,Rasmi,1,1,True,30.0,Bhubaneswar -> Sambalpur,"Bhubaneswar->Sambalpur by Road (232.1km, OD-34-K-3456)",False,Road,1374.06,6.11,0.0,0.74,6.85,720,2026-08-22T06:06:26.725563+00:00,2026-08-22T12:57:26.725577+00:00,713.15,1.0,Low,1.0,Low,0.0,0.0,1374.06,True,Cabbage: single-product load.,Selected Road only because its risk-adjusted cost was lowest. Gross cost INR 1374.06; Kisan Rail subsidy INR 0.00; net cost INR 1374.06; expected transit 6.85 hr.,1374.06,1.0,0.0,"Road only: cost=INR1374, time=6.8hr, risk=1% (Low) | Rail only: cost=INR42077, time=5.8hr, risk=1% (Low)",0.0,720.0,100.0,In transit
G0001,Dhenkanal,Puri,Leafy Greens,Suresh,1,1,True,20.0,Dhenkanal -> Puri,"Dhenkanal->Puri by Road (97.5 km, OD-34-K-3456)","[{'from': 'Dhenkanal', 'to': 'Puri', 'mode': 'Road', 'distance_km': 97.5, 'vehicle_no': 'OD-34-K-3456', 'size_class': 'Small', 'cost_INR': 1248.76, 'gross_cost_INR': 1248.76, 'kisan_rail_subsidy_INR': 0.0, 'time_hr': np.float64(2.57), 'num_trips': 1, 'driver_name': nan, 'driver_contact': np.float64(nan)}]",False,Road,1248.76,2.57,0.0,0.31,2.88,120,2026-08-22T06:43:32.974095+00:00,2026-08-22T09:36:20.974571+00:00,117.12,2.4,Low,2.4,Low,0.0,0.0,1248.76,True,Leafy Greens: single-product load.,Selected Road only because its risk-adjusted cost was lowest. Gross cost INR 1248.76; Kisan Rail subsidy INR 0.00; net cost INR 1248.76; expected transit 2.88 hr.,1248.76,2.4,0.0,"Road only: expected transit=2.88 hr, net cost=INR1248.76, predicted spoilage risk=2.4% (Low) | Road+Rail: expected transit=5.72 hr, net cost=INR43234.27, predicted spoilage risk=4.8% (Low)",0.0,120.0,100.0,In transit
G0002,Dhenkanal,Puri,Watermelon,Suresh,1,1,True,300.0,Dhenkanal -> Puri,"Dhenkanal->Puri by Road (97.5 km, OD-34-K-3456)","[{'from': 'Dhenkanal', 'to': 'Puri', 'mode': 'Road', 'distance_km': 97.5, 'vehicle_no': 'OD-34-K-3456', 'size_class': 'Small', 'cost_INR': 1931.36, 'gross_cost_INR': 1931.36, 'kisan_rail_subsidy_INR': 0.0, 'time_hr': np.float64(2.57), 'num_trips': 1, 'driver_name': nan, 'driver_contact': np.float64(nan)}]",False,Road,1931.36,2.57,0.0,0.31,2.88,504,2026-08-22T06:43:33.611665+00:00,2026-08-22T09:36:21.611675+00:00,501.12,0.6,Low,0.6,Low,0.0,0.0,1931.36,True,Watermelon: single-product load.,Selected Road only because its risk-adjusted cost was lowest. Gross cost INR 1931.36; Kisan Rail subsidy INR 0.00; net cost INR 1931.36; expected transit 2.88 hr.,1931.36,0.6,0.0,"Road only: expected transit=2.88 hr, net cost=INR1931.36, predicted spoilage risk=0.6% (Low) | Road+Rail: expected transit=5.72 hr, net cost=INR43714.12, predicted spoilage risk=1.1% (Low)",0.0,504.0,100.0,In transit
G0001,Bhadrak,Rourkela,"Wheat, Fabric",Rama,1,2,False,400.0,Bhadrak -> Rourkela,"Bhadrak->Rourkela by Road (214.6 km, OD-04-AT-5432)","[{'from': 'Bhadrak', 'to': 'Rourkela', 'mode': 'Road', 'distance_km': 214.6, 'vehicle_no': 'OD-04-AT-5432', 'size_class': 'Large', 'cost_INR': 4873.74, 'gross_cost_INR': 4873.74, 'kisan_rail_subsidy_INR': 0.0, 'time_hr': np.float64(4.77), 'num_trips': 1, 'driver_name': '', 'driver_contact': ''}]",False,Road,4873.74,4.77,0.0,0.68,5.45,8760,2026-08-22T07:03:05.961350+00:00,2026-08-22T12:30:05.963024+00:00,8754.55,0.1,Low,0.1,Low,0.0,0.0,4873.74,True,"Compatible: matrix=Y, ethylene profile=non-producer + non-producer, shared temperature/humidity window available.",Selected Road only because its risk-adjusted cost was lowest. Gross cost INR 4873.74; Kisan Rail subsidy INR 0.00; net cost INR 4873.74; expected transit 5.45 hr.,4873.74,0.1,0.0,"Road only: expected transit=5.45 hr, net cost=INR4873.74, predicted spoilage risk=0.1% (Low) | Rail only: expected transit=5.01 hr, net cost=INR30515.15, predicted spoilage risk=0.1% (Low) | Road+Rail: expected transit=9.04 hr, net cost=INR34212.20, predicted spoilage risk=0.1% (Low)",0.0,8760.0,100.0,In transit
G0001,Dhenkanal,Jharsuguda,"Wheat, Rice",Rama,1,2,False,22000.0,Dhenkanal -> Cuttack -> Jharsuguda,"Dhenkanal->Cuttack by Road (36.7 km, OD-04-AT-5432) | Cuttack->Jharsuguda by Rail (247.9 km, 18447)","[{'from': 'Dhenkanal', 'to': 'Cuttack', 'mode': 'Road', 'distance_km': 36.7, 'vehicle_no': 'OD-04-AT-5432', 'size_class': 'Large', 'cost_INR': 49219.05, 'gross_cost_INR': 49219.05, 'kisan_rail_subsidy_INR': 0.0, 'time_hr': np.float64(0.81), 'num_trips': 3, 'driver_name': 'Kumar', 'driver_contact': '8574028734'}, {'from': 'Cuttack', 'to': 'Jharsuguda', 'mode': 'Rail', 'distance_km': 247.9, 'vehicle_no': '18447', 'size_class': 'Wagon-Large', 'cost_INR': 62717.04, 'gross_cost_INR': 62717.04, 'kisan_rail_subsidy_INR': 0.0, 'time_hr': np.float64(4.51), 'num_trips': 1, 'driver_name': 'Mohan', 'driver_contact': '8237829103'}]",True,"Rail, Road",111936.09,7.32,2.0,3.41,10.73,8760,2026-08-22T07:48:18.777189+00:00,2026-08-22T18:32:06.778558+00:00,8749.27,0.1,Low,0.1,Low,0.0,0.0,111936.09,True,"Compatible: matrix=Y, ethylene profile=non-producer + non-producer, shared temperature/humidity window available.",Selected Road+Rail because its risk-adjusted cost was lowest. Gross cost INR 111936.09; Kisan Rail subsidy INR 0.00; net cost INR 111936.09; expected transit 10.73 hr.,111936.09,0.1,0.0,"Road only: expected transit=5.36 hr, net cost=INR233540.98, predicted spoilage risk=0.1% (Low) | Road+Rail: expected transit=10.73 hr, net cost=INR111936.09, predicted spoilage risk=0.1% (Low)",0.0,8760.0,100.0,In transit
G0001,Dhenkanal,Jharsuguda,"Rice, Wheat",Rama,1,2,False,22000.0,Dhenkanal -> Cuttack -> Jharsuguda,"Dhenkanal->Cuttack by Road (36.7 km, OD-04-AT-5432) | Cuttack->Jharsuguda by Rail (247.9 km, 18447)","[{'from': 'Dhenkanal', 'to': 'Cuttack', 'mode': 'Road', 'distance_km': 36.7, 'vehicle_no': 'OD-04-AT-5432', 'size_class': 'Large', 'cost_INR': 49219.05, 'gross_cost_INR': 49219.05, 'kisan_rail_subsidy_INR': 0.0, 'time_hr': np.float64(0.81), 'num_trips': 3, 'driver_name': 'Kumar', 'driver_contact': '8574028734'}, {'from': 'Cuttack', 'to': 'Jharsuguda', 'mode': 'Rail', 'distance_km': 247.9, 'vehicle_no': '18447', 'size_class': 'Wagon-Large', 'cost_INR': 62717.04, 'gross_cost_INR': 62717.04, 'kisan_rail_subsidy_INR': 0.0, 'time_hr': np.float64(4.51), 'num_trips': 1, 'driver_name': 'Mohan', 'driver_contact': '8237829103'}]",True,"Rail, Road",111936.09,7.32,2.0,3.41,10.73,8760,2026-08-22T08:00:19.787277+00:00,2026-08-22T18:44:07.787295+00:00,8749.27,0.1,Low,0.1,Low,0.0,0.0,111936.09,True,"Compatible: matrix=Y, ethylene profile=non-producer + non-producer, shared temperature/humidity window available.",Selected Road+Rail because its risk-adjusted cost was lowest. Gross cost INR 111936.09; Kisan Rail subsidy INR 0.00; net cost INR 111936.09; expected transit 10.73 hr.,111936.09,0.1,0.0,"Road only: expected transit=5.36 hr, net cost=INR233540.98, predicted spoilage risk=0.1% (Low) | Road+Rail: expected transit=10.73 hr, net cost=INR111936.09, predicted spoilage risk=0.1% (Low)",0.0,8760.0,100.0,In transit
G0001,Bhubaneswar,Cuttack,Leafy Greens,Suresh,1,1,True,40.0,Bhubaneswar -> Cuttack,"Bhubaneswar->Cuttack by Road (18.9 km, OD-34-K-3456)","[{'from': 'Bhubaneswar', 'to': 'Cuttack', 'mode': 'Road', 'distance_km': 18.9, 'vehicle_no': 'OD-34-K-3456', 'size_class': 'Small', 'cost_INR': 1218.86, 'gross_cost_INR': 1218.86, 'kisan_rail_subsidy_INR': 0.0, 'time_hr': np.float64(0.5), 'num_trips': 1, 'driver_name': 'Titu Singh', 'driver_contact': '8623809732'}]",False,Road,1218.86,0.5,0.0,0.06,0.56,120,2026-08-22T08:05:29.351107+00:00,2026-08-22T08:39:05.351133+00:00,119.44,0.5,Low,0.5,Low,0.0,0.0,1218.86,True,Leafy Greens: single-product load.,Selected Road only because its risk-adjusted cost was lowest. Gross cost INR 1218.86; Kisan Rail subsidy INR 0.00; net cost INR 1218.86; expected transit 0.56 hr.,1218.86,0.5,0.0,"Road only: expected transit=0.56 hr, net cost=INR1218.86, predicted spoilage risk=0.5% (Low) | Rail only: expected transit=0.48 hr, net cost=INR42008.30, predicted spoilage risk=0.4% (Low) | Road+Rail: expected transit=5.90 hr, net cost=INR43286.38, predicted spoilage risk=4.9% (Low)",0.0,120.0,100.0,In transit
G0002,Bhubaneswar,Cuttack,Banana,Suresh,1,1,True,50.0,Bhubaneswar -> Cuttack,"Bhubaneswar->Cuttack by Road (18.9 km, OD-34-K-3456)","[{'from': 'Bhubaneswar', 'to': 'Cuttack', 'mode': 'Road', 'distance_km': 18.9, 'vehicle_no': 'OD-34-K-3456', 'size_class': 'Small', 'cost_INR': 1223.57, 'gross_cost_INR': 1223.57, 'kisan_rail_subsidy_INR': 0.0, 'time_hr': np.float64(0.5), 'num_trips': 1, 'driver_name': 'Titu Singh', 'driver_contact': '8623809732'}]",False,Road,1223.57,0.5,0.0,0.06,0.56,336,2026-08-22T08:05:30.017438+00:00,2026-08-22T08:39:06.017449+00:00,335.44,0.2,Low,0.2,Low,50.0,0.0,1223.57,True,Banana: single-product load.,Selected Road only because its risk-adjusted cost was lowest. Gross cost INR 1223.57; Kisan Rail subsidy INR 0.00; net cost INR 1223.57; expected transit 0.56 hr.,1223.57,0.2,0.0,"Road only: expected transit=0.56 hr, net cost=INR1223.57, predicted spoilage risk=0.2% (Low) | Rail only: expected transit=0.48 hr, net cost=INR23105.70, predicted spoilage risk=0.1% (Low) | Road+Rail: expected transit=5.90 hr, net cost=INR24390.04, predicted spoilage risk=1.8% (Low)",0.0,336.0,100.0,In transit
G0001,Dhenkanal,Jharsuguda,"Wheat, Rice",Sundar,1,2,False,24000.0,Dhenkanal -> Cuttack -> Jharsuguda,"Dhenkanal->Cuttack by Road (36.7 km, OD-04-AT-5432) | Cuttack->Jharsuguda by Rail (247.9 km, 18447)","[{'from': 'Dhenkanal', 'to': 'Cuttack', 'mode': 'Road', 'distance_km': 36.7, 'vehicle_no': 'OD-04-AT-5432', 'size_class': 'Large', 'cost_INR': 52738.97, 'gross_cost_INR': 52738.97, 'kisan_rail_subsidy_INR': 0.0, 'time_hr': np.float64(0.81), 'num_trips': 3, 'driver_name': 'Kumar', 'driver_contact': '8574028734'}, {'from': 'Cuttack', 'to': 'Jharsuguda', 'mode': 'Rail', 'distance_km': 247.9, 'vehicle_no': '18447', 'size_class': 'Wagon-Large', 'cost_INR': 65691.32, 'gross_cost_INR': 65691.32, 'kisan_rail_subsidy_INR': 0.0, 'time_hr': np.float64(4.51), 'num_trips': 1, 'driver_name': 'Mohan', 'driver_contact': '8237829103'}]",True,"Rail, Road",118430.29,7.32,2.0,3.41,10.73,8760,2026-08-22T08:08:22.012499+00:00,2026-08-22T18:52:10.012513+00:00,8749.27,0.1,Low,0.1,Low,0.0,0.0,118430.29,True,"Compatible: matrix=Y, ethylene profile=non-producer + non-producer, shared temperature/humidity window available.",Selected Road+Rail because its risk-adjusted cost was lowest. Gross cost INR 118430.29; Kisan Rail subsidy INR 0.00; net cost INR 118430.29; expected transit 10.73 hr.,118430.29,0.1,0.0,"Road only: expected transit=5.36 hr, net cost=INR253817.44, predicted spoilage risk=0.1% (Low) | Road+Rail: expected transit=10.73 hr, net cost=INR118430.29, predicted spoilage risk=0.1% (Low)",0.0,8760.0,100.0,In transit
G0001,Dhenkanal,Jharsuguda,"Rice, Wheat",Kamlessh Kumar,1,2,False,22000.0,Dhenkanal -> Cuttack -> Jharsuguda,"Dhenkanal->Cuttack by Road (36.7 km, OD-04-AT-5432) | Cuttack->Jharsuguda by Rail (247.9 km, 18447)","[{'from': 'Dhenkanal', 'to': 'Cuttack', 'mode': 'Road', 'distance_km': 36.7, 'vehicle_no': 'OD-04-AT-5432', 'size_class': 'Large', 'cost_INR': 34769.42, 'gross_cost_INR': 34769.42, 'kisan_rail_subsidy_INR': 0.0, 'time_hr': 2.44, 'num_trips': 2, 'driver_name': 'Kumar', 'driver_contact': '8574028734', 'vehicles': [{'vehicle_no': 'OD-04-AT-5432', 'size_class': 'Large', 'weight_kg': 15500.0, 'trips': 2, 'driver_name': 'Kumar', 'driver_contact': '8574028734'}, {'vehicle_no': 'OD-09-E-2111', 'size_class': 'Medium', 'weight_kg': 3500, 'trips': 1, 'driver_name': 'Gopal', 'driver_contact': '7266298723'}, {'vehicle_no': 'OD-05-A-2134', 'size_class': 'small', 'weight_kg': 2000, 'trips': 1, 'driver_name': 'Mukesh', 'driver_contact': '6328919113'}, {'vehicle_no': 'OD-01-G-4321', 'size_class': 'Small', 'weight_kg': 1000, 'trips': 1, 'driver_name': 'Sammmu', 'driver_contact': '9272819278'}], 'fleet_shortfall': True}, {'from': 'Cuttack', 'to': 'Jharsuguda', 'mode': 'Rail', 'distance_km': 247.9, 'vehicle_no': '18447', 'size_class': 'Wagon-Large', 'cost_INR': 62717.04, 'gross_cost_INR': 62717.04, 'kisan_rail_subsidy_INR': 0.0, 'time_hr': np.float64(4.51), 'num_trips': 1, 'driver_name': 'Mohan', 'driver_contact': '8237829103', 'vehicles': [{'vehicle_no': '18447', 'size_class': 'Wagon-Large', 'weight_kg': 22000.0, 'trips': 1, 'driver_name': 'Mohan', 'driver_contact': '8237829103'}], 'fleet_shortfall': False}]",True,"Rail, Road",97486.46,8.95,2.0,3.41,12.36,8760,2026-08-22T08:19:22.409060+00:00,2026-08-22T20:40:58.410627+00:00,8747.64,0.1,Low,0.1,Low,0.0,0.0,97486.46,True,"Compatible: matrix=Y, ethylene profile=non-producer + non-producer, shared temperature/humidity window available.",Selected Road+Rail because its risk-adjusted cost was lowest. Gross cost INR 97486.46; Kisan Rail subsidy INR 0.00; net cost INR 97486.46; expected transit 12.36 hr.,97486.46,0.1,0.0,"Road only: expected transit=14.75 hr, net cost=INR148399.70, predicted spoilage risk=0.2% (Low) | Road+Rail: expected transit=12.36 hr, net cost=INR97486.46, predicted spoilage risk=0.1% (Low)",0.0,8760.0,100.0,In transit
G0001,Bhubaneswar,Cuttack,Leafy Greens,Samkant,1,1,True,20.0,Bhubaneswar -> Cuttack,"Bhubaneswar->Cuttack by Road (18.9 km, OD-34-K-3456)","[{'from': 'Bhubaneswar', 'to': 'Cuttack', 'mode': 'Road', 'distance_km': 18.9, 'vehicle_no': 'OD-34-K-3456', 'size_class': 'Small', 'cost_INR': 1209.43, 'gross_cost_INR': 1209.43, 'kisan_rail_subsidy_INR': 0.0, 'time_hr': np.float64(0.5), 'num_trips': 1, 'driver_name': 'Titu Singh', 'driver_contact': '8623809732', 'vehicles': [{'vehicle_no': 'OD-34-K-3456', 'size_class': 'Small', 'weight_kg': 20.0, 'trips': 1, 'driver_name': 'Titu Singh', 'driver_contact': '8623809732'}], 'fleet_shortfall': False}]",False,Road,1209.43,0.5,0.0,0.06,0.56,120,2026-08-22T08:24:22.472951+00:00,2026-08-22T08:57:58.472970+00:00,119.44,0.5,Low,0.5,Low,0.0,0.0,1209.43,True,Leafy Greens: single-product load.,Selected Road only because its risk-adjusted cost was lowest. Gross cost INR 1209.43; Kisan Rail subsidy INR 0.00; net cost INR 1209.43; expected transit 0.56 hr.,1209.43,0.5,0.0,"Road only: expected transit=0.56 hr, net cost=INR1209.43, predicted spoilage risk=0.5% (Low) | Rail only: expected transit=0.48 hr, net cost=INR42004.15, predicted spoilage risk=0.4% (Low) | Road+Rail: expected transit=5.90 hr, net cost=INR43243.19, predicted spoilage risk=4.9% (Low)",0.0,120.0,100.0,In transit
G0002,Bhubaneswar,Cuttack,Banana,Samkant,1,1,True,30.0,Bhubaneswar -> Cuttack,"Bhubaneswar->Cuttack by Road (18.9 km, OD-34-K-3456)","[{'from': 'Bhubaneswar', 'to': 'Cuttack', 'mode': 'Road', 'distance_km': 18.9, 'vehicle_no': 'OD-34-K-3456', 'size_class': 'Small', 'cost_INR': 1214.14, 'gross_cost_INR': 1214.14, 'kisan_rail_subsidy_INR': 0.0, 'time_hr': np.float64(0.5), 'num_trips': 1, 'driver_name': 'Titu Singh', 'driver_contact': '8623809732', 'vehicles': [{'vehicle_no': 'OD-34-K-3456', 'size_class': 'Small', 'weight_kg': 30.0, 'trips': 1, 'driver_name': 'Titu Singh', 'driver_contact': '8623809732'}], 'fleet_shortfall': False}]",False,Road,1214.14,0.5,0.0,0.06,0.56,336,2026-08-22T08:24:23.122433+00:00,2026-08-22T08:57:59.122470+00:00,335.44,0.2,Low,0.2,Low,30.0,0.0,1214.14,True,Banana: single-product load.,Selected Road only because its risk-adjusted cost was lowest. Gross cost INR 1214.14; Kisan Rail subsidy INR 0.00; net cost INR 1214.14; expected transit 0.56 hr.,1214.14,0.2,0.0,"Road only: expected transit=0.56 hr, net cost=INR1214.14, predicted spoilage risk=0.2% (Low) | Rail only: expected transit=0.48 hr, net cost=INR23103.42, predicted spoilage risk=0.1% (Low) | Road+Rail: expected transit=5.90 hr, net cost=INR24354.02, predicted spoilage risk=1.8% (Low)",0.0,336.0,100.0,In transit
G0001,Dhenkanal,Jharsuguda,"Rice, Wheat",Rahul Singh,1,2,False,22000.0,Dhenkanal -> Cuttack -> Jharsuguda,"Dhenkanal->Cuttack by Road (36.7 km, OD-04-AT-5432) | Cuttack->Jharsuguda by Rail (247.9 km, 18447)","[{'from': 'Dhenkanal', 'to': 'Cuttack', 'mode': 'Road', 'distance_km': 36.7, 'vehicle_no': 'OD-04-AT-5432', 'size_class': 'Large', 'cost_INR': 34769.42, 'gross_cost_INR': 34769.42, 'kisan_rail_subsidy_INR': 0.0, 'time_hr': 2.44, 'num_trips': 2, 'driver_name': 'Kumar', 'driver_contact': '8574028734', 'vehicles': [{'vehicle_no': 'OD-04-AT-5432', 'size_class': 'Large', 'weight_kg': 15500.0, 'trips': 2, 'driver_name': 'Kumar', 'driver_contact': '8574028734'}, {'vehicle_no': 'OD-09-E-2111', 'size_class': 'Medium', 'weight_kg': 3500.0, 'trips': 1, 'driver_name': 'Gopal', 'driver_contact': '7266298723'}, {'vehicle_no': 'OD-05-A-2134', 'size_class': 'small', 'weight_kg': 2000.0, 'trips': 1, 'driver_name': 'Mukesh', 'driver_contact': '6328919113'}, {'vehicle_no': 'OD-01-G-4321', 'size_class': 'Small', 'weight_kg': 1000.0, 'trips': 1, 'driver_name': 'Sammmu', 'driver_contact': '9272819278'}], 'fleet_shortfall': True}, {'from': 'Cuttack', 'to': 'Jharsuguda', 'mode': 'Rail', 'distance_km': 247.9, 'vehicle_no': '18447', 'size_class': 'Wagon-Large', 'cost_INR': 62717.04, 'gross_cost_INR': 62717.04, 'kisan_rail_subsidy_INR': 0.0, 'time_hr': np.float64(4.51), 'num_trips': 1, 'driver_name': 'Mohan', 'driver_contact': '8237829103', 'vehicles': [{'vehicle_no': '18447', 'size_class': 'Wagon-Large', 'weight_kg': 22000.0, 'trips': 1, 'driver_name': 'Mohan', 'driver_contact': '8237829103'}], 'fleet_shortfall': False}]",True,"Rail, Road",97486.46,8.95,2.0,3.41,12.36,8760,2026-08-22T15:50:51.999528+00:00,2026-08-23T04:12:28.011861+00:00,8747.64,0.1,Low,0.1,Low,0.0,0.0,97486.46,True,"Compatible: matrix=Y, ethylene profile=non-producer + non-producer, shared temperature/humidity window available.",Selected Road+Rail because its risk-adjusted cost was lowest. Gross cost INR 97486.46; Kisan Rail subsidy INR 0.00; net cost INR 97486.46; expected transit 12.36 hr.,97486.46,0.1,0.0,"Road only: expected transit=14.75 hr, net cost=INR148399.70, predicted spoilage risk=0.2% (Low) | Road+Rail: expected transit=12.36 hr, net cost=INR97486.46, predicted spoilage risk=0.1% (Low)",0.0,8760.0,100.0,In transit
G0001,Bhubaneswar,Cuttack,Banana,Amar,1,1,True,50.0,Bhubaneswar -> Cuttack,"Bhubaneswar->Cuttack by Road (18.9 km, OD-34-K-3456)","[{'from': 'Bhubaneswar', 'to': 'Cuttack', 'mode': 'Road', 'distance_km': 18.9, 'vehicle_no': 'OD-34-K-3456', 'size_class': 'Small', 'cost_INR': 1223.57, 'gross_cost_INR': 1223.57, 'kisan_rail_subsidy_INR': 0.0, 'time_hr': np.float64(0.5), 'num_trips': 1, 'driver_name': 'Titu Singh', 'driver_contact': '8623809732', 'vehicles': [{'vehicle_no': 'OD-34-K-3456', 'size_class': 'Small', 'weight_kg': 50.0, 'trips': 1, 'driver_name': 'Titu Singh', 'driver_contact': '8623809732'}], 'fleet_shortfall': False}]",False,Road,1223.57,0.5,0.0,0.06,0.56,336,2026-08-22T15:52:54.533695+00:00,2026-08-22T16:26:30.535306+00:00,335.44,0.2,Low,0.2,Low,50.0,0.0,1223.57,True,Banana: single-product load.,Selected Road only because its risk-adjusted cost was lowest. Gross cost INR 1223.57; Kisan Rail subsidy INR 0.00; net cost INR 1223.57; expected transit 0.56 hr.,1223.57,0.2,0.0,"Road only: expected transit=0.56 hr, net cost=INR1223.57, predicted spoilage risk=0.2% (Low) | Rail only: expected transit=0.48 hr, net cost=INR23105.70, predicted spoilage risk=0.1% (Low) | Road+Rail: expected transit=5.90 hr, net cost=INR24390.04, predicted spoilage risk=1.8% (Low)",0.0,336.0,100.0,In transit
G0002,Bhubaneswar,Cuttack,Leafy Greens,Amar,1,1,True,30.0,Bhubaneswar -> Cuttack,"Bhubaneswar->Cuttack by Road (18.9 km, OD-34-K-3456)","[{'from': 'Bhubaneswar', 'to': 'Cuttack', 'mode': 'Road', 'distance_km': 18.9, 'vehicle_no': 'OD-34-K-3456', 'size_class': 'Small', 'cost_INR': 1214.14, 'gross_cost_INR': 1214.14, 'kisan_rail_subsidy_INR': 0.0, 'time_hr': np.float64(0.5), 'num_trips': 1, 'driver_name': 'Titu Singh', 'driver_contact': '8623809732', 'vehicles': [{'vehicle_no': 'OD-34-K-3456', 'size_class': 'Small', 'weight_kg': 30.0, 'trips': 1, 'driver_name': 'Titu Singh', 'driver_contact': '8623809732'}], 'fleet_shortfall': False}]",False,Road,1214.14,0.5,0.0,0.06,0.56,120,2026-08-22T15:52:55.561019+00:00,2026-08-22T16:26:31.561038+00:00,119.44,0.5,Low,0.5,Low,0.0,0.0,1214.14,True,Leafy Greens: single-product load.,Selected Road only because its risk-adjusted cost was lowest. Gross cost INR 1214.14; Kisan Rail subsidy INR 0.00; net cost INR 1214.14; expected transit 0.56 hr.,1214.14,0.5,0.0,"Road only: expected transit=0.56 hr, net cost=INR1214.14, predicted spoilage risk=0.5% (Low) | Rail only: expected transit=0.48 hr, net cost=INR42006.22, predicted spoilage risk=0.4% (Low) | Road+Rail: expected transit=5.90 hr, net cost=INR43264.78, predicted spoilage risk=4.9% (Low)",0.0,120.0,100.0,In transit
G0001,Dhenkanal,Jharsuguda,"Rice, Wheat",Rajat Kumar,1,2,False,22000.0,Dhenkanal -> Cuttack -> Jharsuguda,"Dhenkanal->Cuttack by Road (36.7 km, OD-04-AT-5432) | Cuttack->Jharsuguda by Rail (247.9 km, 18447)","[{'from': 'Dhenkanal', 'to': 'Cuttack', 'mode': 'Road', 'distance_km': 36.7, 'vehicle_no': 'OD-04-AT-5432', 'size_class': 'Large', 'cost_INR': 34769.42, 'gross_cost_INR': 34769.42, 'kisan_rail_subsidy_INR': 0.0, 'time_hr': 2.44, 'num_trips': 2, 'driver_name': 'Kumar', 'driver_contact': '8574028734', 'vehicles': [{'vehicle_no': 'OD-04-AT-5432', 'size_class': 'Large', 'weight_kg': 15500.0, 'trips': 2, 'driver_name': 'Kumar', 'driver_contact': '8574028734'}, {'vehicle_no': 'OD-09-E-2111', 'size_class': 'Medium', 'weight_kg': 3500.0, 'trips': 1, 'driver_name': 'Gopal', 'driver_contact': '7266298723'}, {'vehicle_no': 'OD-05-A-2134', 'size_class': 'small', 'weight_kg': 2000.0, 'trips': 1, 'driver_name': 'Mukesh', 'driver_contact': '6328919113'}, {'vehicle_no': 'OD-01-G-4321', 'size_class': 'Small', 'weight_kg': 1000.0, 'trips': 1, 'driver_name': 'Sammmu', 'driver_contact': '9272819278'}], 'fleet_shortfall': True}, {'from': 'Cuttack', 'to': 'Jharsuguda', 'mode': 'Rail', 'distance_km': 247.9, 'vehicle_no': '18447', 'size_class': 'Wagon-Large', 'cost_INR': 62717.04, 'gross_cost_INR': 62717.04, 'kisan_rail_subsidy_INR': 0.0, 'time_hr': np.float64(4.51), 'num_trips': 1, 'driver_name': 'Mohan', 'driver_contact': '8237829103', 'vehicles': [{'vehicle_no': '18447', 'size_class': 'Wagon-Large', 'weight_kg': 22000.0, 'trips': 1, 'driver_name': 'Mohan', 'driver_contact': '8237829103'}], 'fleet_shortfall': False}]",True,"Rail, Road",97486.46,8.95,2.0,3.41,12.36,8760,2026-08-23T04:54:38.534672+00:00,2026-08-23T17:16:14.534702+00:00,8747.64,0.1,Low,0.1,Low,0.0,0.0,97486.46,True,"Compatible: matrix=Y, ethylene profile=non-producer + non-producer, shared temperature/humidity window available.",Selected Road+Rail because its risk-adjusted cost was lowest. Gross cost INR 97486.46; Kisan Rail subsidy INR 0.00; net cost INR 97486.46; expected transit 12.36 hr.,97486.46,0.1,0.0,"Road only: expected transit=14.75 hr, net cost=INR148399.70, predicted spoilage risk=0.2% (Low) | Road+Rail: expected transit=12.36 hr, net cost=INR97486.46, predicted spoilage risk=0.1% (Low)",0.0,8760.0,100.0,In transit
G0001,Bhubaneswar,Cuttack,Banana,Raj Kumar,1,1,True,30.0,Bhubaneswar -> Cuttack,"Bhubaneswar->Cuttack by Road (18.9 km, OD-34-K-3456)","[{'from': 'Bhubaneswar', 'to': 'Cuttack', 'mode': 'Road', 'distance_km': 18.9, 'vehicle_no': 'OD-34-K-3456', 'size_class': 'Small', 'cost_INR': 1214.14, 'gross_cost_INR': 1214.14, 'kisan_rail_subsidy_INR': 0.0, 'time_hr': np.float64(0.5), 'num_trips': 1, 'driver_name': 'Titu Singh', 'driver_contact': '8623809732', 'vehicles': [{'vehicle_no': 'OD-34-K-3456', 'size_class': 'Small', 'weight_kg': 30.0, 'trips': 1, 'driver_name': 'Titu Singh', 'driver_contact': '8623809732'}], 'fleet_shortfall': False}]",False,Road,1214.14,0.5,0.0,0.06,0.56,336,2026-08-23T04:56:04.640457+00:00,2026-08-23T05:29:40.640480+00:00,335.44,0.2,Low,0.2,Low,30.0,0.0,1214.14,True,Banana: single-product load.,Selected Road only because its risk-adjusted cost was lowest. Gross cost INR 1214.14; Kisan Rail subsidy INR 0.00; net cost INR 1214.14; expected transit 0.56 hr.,1214.14,0.2,0.0,"Road only: expected transit=0.56 hr, net cost=INR1214.14, predicted spoilage risk=0.2% (Low) | Rail only: expected transit=0.48 hr, net cost=INR23103.42, predicted spoilage risk=0.1% (Low) | Road+Rail: expected transit=5.90 hr, net cost=INR24354.02, predicted spoilage risk=1.8% (Low)",0.0,336.0,100.0,In transit
G0002,Bhubaneswar,Cuttack,Leafy Greens,Raj Kumar,1,1,True,50.0,Bhubaneswar -> Cuttack,"Bhubaneswar->Cuttack by Road (18.9 km, OD-34-K-3456)","[{'from': 'Bhubaneswar', 'to': 'Cuttack', 'mode': 'Road', 'distance_km': 18.9, 'vehicle_no': 'OD-34-K-3456', 'size_class': 'Small', 'cost_INR': 1223.57, 'gross_cost_INR': 1223.57, 'kisan_rail_subsidy_INR': 0.0, 'time_hr': np.float64(0.5), 'num_trips': 1, 'driver_name': 'Titu Singh', 'driver_contact': '8623809732', 'vehicles': [{'vehicle_no': 'OD-34-K-3456', 'size_class': 'Small', 'weight_kg': 50.0, 'trips': 1, 'driver_name': 'Titu Singh', 'driver_contact': '8623809732'}], 'fleet_shortfall': False}]",False,Road,1223.57,0.5,0.0,0.06,0.56,120,2026-08-23T04:56:05.427332+00:00,2026-08-23T05:29:41.427347+00:00,119.44,0.5,Low,0.5,Low,0.0,0.0,1223.57,True,Leafy Greens: single-product load.,Selected Road only because its risk-adjusted cost was lowest. Gross cost INR 1223.57; Kisan Rail subsidy INR 0.00; net cost INR 1223.57; expected transit 0.56 hr.,1223.57,0.5,0.0,"Road only: expected transit=0.56 hr, net cost=INR1223.57, predicted spoilage risk=0.5% (Low) | Rail only: expected transit=0.48 hr, net cost=INR42010.37, predicted spoilage risk=0.4% (Low) | Road+Rail: expected transit=5.90 hr, net cost=INR43307.98, predicted spoilage risk=4.9% (Low)",0.0,120.0,100.0,In transit
G0001,Bhadrak,Puri,Papaya,Ajit,1,1,True,200.0,Bhadrak -> Puri,"Bhadrak->Puri by Road (156.5 km, OD-17-XL-4003)","[{'from': 'Bhadrak', 'to': 'Puri', 'mode': 'Road', 'distance_km': 156.5, 'vehicle_no': 'OD-17-XL-4003', 'size_class': 'X-Large', 'cost_INR': 7594.65, 'gross_cost_INR': 7594.65, 'kisan_rail_subsidy_INR': 0.0, 'time_hr': np.float64(3.73), 'num_trips': 1, 'driver_name': 'Satya Prakash', 'driver_contact': '9812345686', 'vehicles': [{'vehicle_no': 'OD-17-XL-4003', 'size_class': 'X-Large', 'weight_kg': 200.0, 'trips': 1, 'driver_name': 'Satya Prakash', 'driver_contact': '9812345686'}], 'fleet_shortfall': False}]",False,Road,7594.65,3.73,0.0,0.5,4.23,240,2026-08-24T06:29:20.921947+00:00,2026-08-24T10:43:08.922523+00:00,235.77,1.8,Low,1.8,Low,200.0,0.0,7594.65,True,Papaya: single-product load.,Selected Road only because its risk-adjusted cost was lowest. Gross cost INR 7594.65; Kisan Rail subsidy INR 0.00; net cost INR 7594.65; expected transit 4.23 hr.,7594.65,1.8,0.0,"Road only: expected transit=4.23 hr, net cost=INR7594.65, predicted spoilage risk=1.8% (Low) | Rail only: expected transit=3.88 hr, net cost=INR22180.74, predicted spoilage risk=1.6% (Low) | Road+Rail: expected transit=6.61 hr, net cost=INR29262.68, predicted spoilage risk=2.8% (Low)",0.0,240.0,100.0,In transit
G0001,Bhadrak,Puri,Dairy Products,Wamik,1,1,True,100.0,Bhadrak -> Puri,"Bhadrak->Puri by Road (156.5 km, OD-17-XL-4003)","[{'from': 'Bhadrak', 'to': 'Puri', 'mode': 'Road', 'distance_km': 156.5, 'vehicle_no': 'OD-17-XL-4003', 'size_class': 'X-Large', 'cost_INR': 7297.32, 'gross_cost_INR': 7297.32, 'kisan_rail_subsidy_INR': 0.0, 'time_hr': np.float64(3.73), 'num_trips': 1, 'driver_name': 'Satya Prakash', 'driver_contact': '9812345686', 'vehicles': [{'vehicle_no': 'OD-17-XL-4003', 'size_class': 'X-Large', 'weight_kg': 100.0, 'trips': 1, 'driver_name': 'Satya Prakash', 'driver_contact': '9812345686'}], 'fleet_shortfall': False}]",False,Road,7297.32,3.73,0.0,0.5,4.23,120,2026-08-24T06:33:45.345962+00:00,2026-08-24T10:47:33.346531+00:00,115.77,3.5,Low,3.5,Low,0.0,0.0,7297.32,True,Dairy Products: single-product load.,Selected Road only because its risk-adjusted cost was lowest. Gross cost INR 7297.32; Kisan Rail subsidy INR 0.00; net cost INR 7297.32; expected transit 4.23 hr.,7297.32,3.5,0.0,"Road only: expected transit=4.23 hr, net cost=INR7297.32, predicted spoilage risk=3.5% (Low) | Rail only: expected transit=3.88 hr, net cost=INR40164.31, predicted spoilage risk=3.2% (Low) | Road+Rail: expected transit=6.61 hr, net cost=INR47191.27, predicted spoilage risk=5.5% (Low)",0.0,120.0,100.0,In transit
G0002,Bhadrak,Puri,Papaya,Wamik,1,1,True,150.0,Bhadrak -> Puri,"Bhadrak->Puri by Road (156.5 km, OD-17-XL-4003)","[{'from': 'Bhadrak', 'to': 'Puri', 'mode': 'Road', 'distance_km': 156.5, 'vehicle_no': 'OD-17-XL-4003', 'size_class': 'X-Large', 'cost_INR': 7445.99, 'gross_cost_INR': 7445.99, 'kisan_rail_subsidy_INR': 0.0, 'time_hr': np.float64(3.73), 'num_trips': 1, 'driver_name': 'Satya Prakash', 'driver_contact': '9812345686', 'vehicles': [{'vehicle_no': 'OD-17-XL-4003', 'size_class': 'X-Large', 'weight_kg': 150.0, 'trips': 1, 'driver_name': 'Satya Prakash', 'driver_contact': '9812345686'}], 'fleet_shortfall': False}]",False,Road,7445.99,3.73,0.0,0.5,4.23,240,2026-08-24T06:33:46.055665+00:00,2026-08-24T10:47:34.055675+00:00,235.77,1.8,Low,1.8,Low,150.0,0.0,7445.99,True,Papaya: single-product load.,Selected Road only because its risk-adjusted cost was lowest. Gross cost INR 7445.99; Kisan Rail subsidy INR 0.00; net cost INR 7445.99; expected transit 4.23 hr.,7445.99,1.8,0.0,"Road only: expected transit=4.23 hr, net cost=INR7445.99, predicted spoilage risk=1.8% (Low) | Rail only: expected transit=3.88 hr, net cost=INR22135.56, predicted spoilage risk=1.6% (Low) | Road+Rail: expected transit=6.61 hr, net cost=INR29197.00, predicted spoilage risk=2.8% (Low)",0.0,240.0,100.0,In transit
G0001,Angul,Balasore,Mango,Mango,1,1,True,20.0,Angul -> Balasore,"Angul->Balasore by Road (203.1 km, OD-17-XL-4003)","[{'from': 'Angul', 'to': 'Balasore', 'mode': 'Road', 'distance_km': 203.1, 'vehicle_no': 'OD-17-XL-4003', 'size_class': 'X-Large', 'cost_INR': 7077.16, 'gross_cost_INR': 7077.16, 'kisan_rail_subsidy_INR': 0.0, 'time_hr': np.float64(4.83), 'num_trips': 1, 'driver_name': 'Satya Prakash', 'driver_contact': '9812345686', 'vehicles': [{'vehicle_no': 'OD-17-XL-4003', 'size_class': 'X-Large', 'weight_kg': 20.0, 'trips': 1, 'driver_name': 'Satya Prakash', 'driver_contact': '9812345686'}], 'fleet_shortfall': False}]",False,Road,7077.16,4.83,0.0,0.65,5.48,288,2026-08-24T08:50:26.958304+00:00,2026-08-24T14:19:14.970904+00:00,282.52,1.9,Low,1.9,Low,20.0,0.0,7077.16,True,Mango: single-product load.,Selected Road only because its risk-adjusted cost was lowest. Gross cost INR 7077.16; Kisan Rail subsidy INR 0.00; net cost INR 7077.16; expected transit 5.48 hr.,7077.16,1.9,0.0,"Road only: expected transit=5.48 hr, net cost=INR7077.16, predicted spoilage risk=1.9% (Low) | Rail only: expected transit=5.03 hr, net cost=INR20021.32, predicted spoilage risk=1.7% (Low) | Road+Rail: expected transit=8.51 hr, net cost=INR27040.00, predicted spoilage risk=3.0% (Low)",0.0,288.0,100.0,In transit
G0002,Angul,Balasore,Lemon,Mango,1,1,True,30.0,Angul -> Balasore,"Angul->Balasore by Road (203.1 km, OD-17-XL-4003)","[{'from': 'Angul', 'to': 'Balasore', 'mode': 'Road', 'distance_km': 203.1, 'vehicle_no': 'OD-17-XL-4003', 'size_class': 'X-Large', 'cost_INR': 7115.74, 'gross_cost_INR': 7115.74, 'kisan_rail_subsidy_INR': 0.0, 'time_hr': np.float64(4.83), 'num_trips': 1, 'driver_name': 'Satya Prakash', 'driver_contact': '9812345686', 'vehicles': [{'vehicle_no': 'OD-17-XL-4003', 'size_class': 'X-Large', 'weight_kg': 30.0, 'trips': 1, 'driver_name': 'Satya Prakash', 'driver_contact': '9812345686'}], 'fleet_shortfall': False}]",False,Road,7115.74,4.83,0.0,0.65,5.48,720,2026-08-24T08:50:28.203641+00:00,2026-08-24T14:19:16.203653+00:00,714.52,0.8,Low,0.8,Low,30.0,0.0,7115.74,True,Lemon: single-product load.,Selected Road only because its risk-adjusted cost was lowest. Gross cost INR 7115.74; Kisan Rail subsidy INR 0.00; net cost INR 7115.74; expected transit 5.48 hr.,7115.74,0.8,0.0,"Road only: expected transit=5.48 hr, net cost=INR7115.74, predicted spoilage risk=0.8% (Low) | Rail only: expected transit=5.03 hr, net cost=INR20031.98, predicted spoilage risk=0.7% (Low) | Road+Rail: expected transit=8.51 hr, net cost=INR27060.00, predicted spoilage risk=1.2% (Low)",0.0,720.0,100.0,In transit
G0001,Bhadrak,Sambalpur,Lemon,Sukhant,1,1,True,40.0,Bhadrak -> Sambalpur,"Bhadrak->Sambalpur by Road (268.1 km, OD-17-XL-4003)","[{'from': 'Bhadrak', 'to': 'Sambalpur', 'mode': 'Road', 'distance_km': 268.1, 'vehicle_no': 'OD-17-XL-4003', 'size_class': 'X-Large', 'cost_INR': 7203.79, 'gross_cost_INR': 7203.79, 'kisan_rail_subsidy_INR': 0.0, 'time_hr': np.float64(6.38), 'num_trips': 1, 'driver_name': 'Satya Prakash', 'driver_contact': '9812345686', 'vehicles': [{'vehicle_no': 'OD-17-XL-4003', 'size_class': 'X-Large', 'weight_kg': 40.0, 'trips': 1, 'driver_name': 'Satya Prakash', 'driver_contact': '9812345686'}], 'fleet_shortfall': False}]",False,Road,7203.79,6.38,0.0,0.85,7.23,720,2026-08-24T14:30:35.227892+00:00,2026-08-24T21:44:23.228577+00:00,712.77,1.0,Low,1.0,Low,40.0,0.0,7203.79,True,Lemon: single-product load.,100,Single product load — no special handling needed.,[],Selected Road only because its risk-adjusted cost was lowest. Gross cost INR 7203.79; Kisan Rail subsidy INR 0.00; net cost INR 7203.79; expected transit 7.23 hr.,7203.79,1.0,0.0,"Road only: expected transit=7.23 hr, net cost=INR7203.79, predicted spoilage risk=1.0% (Low) | Rail only: expected transit=6.65 hr, net cost=INR20056.31, predicted spoilage risk=0.9% (Low) | Road+Rail: expected transit=10.63 hr, net cost=INR27076.62, predicted spoilage risk=1.5% (Low)",0.0,720.0,100.0,In transit
G0002,Bhadrak,Sambalpur,Pear,Sukhant,1,1,True,50.0,Bhadrak -> Sambalpur,"Bhadrak->Sambalpur by Road (268.1 km, OD-17-XL-4003)","[{'from': 'Bhadrak', 'to': 'Sambalpur', 'mode': 'Road', 'distance_km': 268.1, 'vehicle_no': 'OD-17-XL-4003', 'size_class': 'X-Large', 'cost_INR': 7254.73, 'gross_cost_INR': 7254.73, 'kisan_rail_subsidy_INR': 0.0, 'time_hr': np.float64(6.38), 'num_trips': 1, 'driver_name': 'Satya Prakash', 'driver_contact': '9812345686', 'vehicles': [{'vehicle_no': 'OD-17-XL-4003', 'size_class': 'X-Large', 'weight_kg': 50.0, 'trips': 1, 'driver_name': 'Satya Prakash', 'driver_contact': '9812345686'}], 'fleet_shortfall': False}]",False,Road,7254.73,6.38,0.0,0.85,7.23,720,2026-08-24T14:30:36.430417+00:00,2026-08-24T21:44:24.430428+00:00,712.77,1.0,Low,1.0,Low,50.0,0.0,7254.73,True,Pear: single-product load.,100,Single product load — no special handling needed.,[],Selected Road only because its risk-adjusted cost was lowest. Gross cost INR 7254.73; Kisan Rail subsidy INR 0.00; net cost INR 7254.73; expected transit 7.23 hr.,7254.73,1.0,0.0,"Road only: expected transit=7.23 hr, net cost=INR7254.73, predicted spoilage risk=1.0% (Low) | Rail only: expected transit=6.65 hr, net cost=INR20070.38, predicted spoilage risk=0.9% (Low) | Road+Rail: expected transit=10.63 hr, net cost=INR27095.78, predicted spoilage risk=1.5% (Low)",0.0,720.0,100.0,In transit
G0001,Baripada,Jeypore,Litchi,Brinjal,1,1,True,40.0,Baripada -> Jeypore,"Baripada->Jeypore by Road (551.6 km, OD-17-XL-4003)","[{'from': 'Baripada', 'to': 'Jeypore', 'mode': 'Road', 'distance_km': 551.6, 'vehicle_no': 'OD-17-XL-4003', 'size_class': 'X-Large', 'cost_INR': 7419.24, 'gross_cost_INR': 7419.24, 'kisan_rail_subsidy_INR': 0.0, 'time_hr': np.float64(13.13), 'num_trips': 1, 'driver_name': 'Satya Prakash', 'driver_contact': '9812345686', 'vehicles': [{'vehicle_no': 'OD-17-XL-4003', 'size_class': 'X-Large', 'weight_kg': 40.0, 'trips': 1, 'driver_name': 'Satya Prakash', 'driver_contact': '9812345686'}], 'fleet_shortfall': False}]",False,Road,7419.24,13.13,0.0,1.75,14.88,120,2026-08-24T14:33:39.970019+00:00,2026-08-25T05:26:27.971431+00:00,105.12,12.4,Low,12.4,Low,40.0,0.0,7419.24,True,Litchi: single-product load.,100,Single product load — no special handling needed.,[],Selected Road only because its risk-adjusted cost was lowest. Gross cost INR 7419.24; Kisan Rail subsidy INR 0.00; net cost INR 7419.24; expected transit 14.88 hr.,7419.24,12.4,0.0,"Road only: expected transit=14.88 hr, net cost=INR7419.24, predicted spoilage risk=12.4% (Low) | Road+Rail: expected transit=22.70 hr, net cost=INR34229.84, predicted spoilage risk=18.9% (Low)",0.0,120.0,100.0,In transit
G0002,Baripada,Jeypore,Pineapple,Brinjal,1,1,True,20.0,Baripada -> Jeypore,"Baripada->Jeypore by Road (551.6 km, OD-17-XL-4003)","[{'from': 'Baripada', 'to': 'Jeypore', 'mode': 'Road', 'distance_km': 551.6, 'vehicle_no': 'OD-17-XL-4003', 'size_class': 'X-Large', 'cost_INR': 7209.62, 'gross_cost_INR': 7209.62, 'kisan_rail_subsidy_INR': 0.0, 'time_hr': np.float64(13.13), 'num_trips': 1, 'driver_name': 'Satya Prakash', 'driver_contact': '9812345686', 'vehicles': [{'vehicle_no': 'OD-17-XL-4003', 'size_class': 'X-Large', 'weight_kg': 20.0, 'trips': 1, 'driver_name': 'Satya Prakash', 'driver_contact': '9812345686'}], 'fleet_shortfall': False}]",False,Road,7209.62,13.13,0.0,1.75,14.88,336,2026-08-24T14:33:41.065577+00:00,2026-08-25T05:26:29.065588+00:00,321.12,4.4,Low,4.4,Low,20.0,0.0,7209.62,True,Pineapple: single-product load.,100,Single product load — no special handling needed.,[],Selected Road only because its risk-adjusted cost was lowest. Gross cost INR 7209.62; Kisan Rail subsidy INR 0.00; net cost INR 7209.62; expected transit 14.88 hr.,7209.62,4.4,0.0,"Road only: expected transit=14.88 hr, net cost=INR7209.62, predicted spoilage risk=4.4% (Low) | Road+Rail: expected transit=22.99 hr, net cost=INR34093.37, predicted spoilage risk=6.8% (Low)",0.0,336.0,100.0,In transit
G0001,Dhenkanal,Cuttack,Pineapple,Amann,1,1,True,30.0,Dhenkanal -> Cuttack,"Dhenkanal->Cuttack by Road (36.7 km, OD-17-XL-4003)","[{'from': 'Dhenkanal', 'to': 'Cuttack', 'mode': 'Road', 'distance_km': 36.7, 'vehicle_no': 'OD-17-XL-4003', 'size_class': 'X-Large', 'cost_INR': 7020.9, 'gross_cost_INR': 7020.9, 'kisan_rail_subsidy_INR': 0.0, 'time_hr': np.float64(0.87), 'num_trips': 1, 'driver_name': 'Satya Prakash', 'driver_contact': '9812345686', 'vehicles': [{'vehicle_no': 'OD-17-XL-4003', 'size_class': 'X-Large', 'weight_kg': 30.0, 'trips': 1, 'driver_name': 'Satya Prakash', 'driver_contact': '9812345686'}], 'fleet_shortfall': False}]",False,Road,7020.9,0.87,0.0,0.12,0.99,336,2026-08-24T14:44:32.373043+00:00,2026-08-24T15:43:56.380158+00:00,335.01,0.3,Low,0.3,Low,30.0,0.0,7020.9,True,Pineapple: single-product load.,100,Single product load — no special handling needed.,[],Selected Road only because its risk-adjusted cost was lowest. Gross cost INR 7020.90; Kisan Rail subsidy INR 0.00; net cost INR 7020.90; expected transit 0.99 hr.,7020.9,0.3,0.0,"Road only: expected transit=0.99 hr, net cost=INR7020.90, predicted spoilage risk=0.3% (Low) | Road+Rail: expected transit=4.75 hr, net cost=INR27029.26, predicted spoilage risk=1.4% (Low)",0.0,336.0,100.0,In transit
G0002,Dhenkanal,Cuttack,Litchi,Amann,1,1,True,30.0,Dhenkanal -> Cuttack,"Dhenkanal->Cuttack by Road (36.7 km, OD-17-XL-4003)","[{'from': 'Dhenkanal', 'to': 'Cuttack', 'mode': 'Road', 'distance_km': 36.7, 'vehicle_no': 'OD-17-XL-4003', 'size_class': 'X-Large', 'cost_INR': 7020.9, 'gross_cost_INR': 7020.9, 'kisan_rail_subsidy_INR': 0.0, 'time_hr': np.float64(0.87), 'num_trips': 1, 'driver_name': 'Satya Prakash', 'driver_contact': '9812345686', 'vehicles': [{'vehicle_no': 'OD-17-XL-4003', 'size_class': 'X-Large', 'weight_kg': 30.0, 'trips': 1, 'driver_name': 'Satya Prakash', 'driver_contact': '9812345686'}], 'fleet_shortfall': False}]",False,Road,7020.9,0.87,0.0,0.12,0.99,120,2026-08-24T14:44:33.225191+00:00,2026-08-24T15:43:57.225200+00:00,119.01,0.8,Low,0.8,Low,30.0,0.0,7020.9,True,Litchi: single-product load.,100,Single product load — no special handling needed.,[],Selected Road only because its risk-adjusted cost was lowest. Gross cost INR 7020.90; Kisan Rail subsidy INR 0.00; net cost INR 7020.90; expected transit 0.99 hr.,7020.9,0.8,0.0,"Road only: expected transit=0.99 hr, net cost=INR7020.90, predicted spoilage risk=0.8% (Low) | Road+Rail: expected transit=4.75 hr, net cost=INR27029.26, predicted spoilage risk=4.0% (Low)",0.0,120.0,100.0,In transit
G0001,Asam,Pineapple,200.0,Bhadrak,Dhenkanal,Pineapple,200.0,True,Bhadrak -> Dhenkanal,"[{'from': 'Bhadrak', 'to': 'Dhenkanal', 'mode': 'Road', 'distance_km': 105.4, 'vehicle_no': 'OD-17-XL-4003', 'size_class': 'X-Large', 'cost_INR': 7400.65, 'gross_cost_INR': 7400.65, 'kisan_rail_subsidy_INR': 0.0, 'time_hr': np.float64(2.51), 'num_trips': 1, 'driver_name': 'Satya Prakash', 'driver_contact': '9812345686', 'vehicles': [{'vehicle_no': 'OD-17-XL-4003', 'size_class': 'X-Large', 'weight_kg': 200.0, 'trips': 1, 'driver_name': 'Satya Prakash', 'driver_contact': '9812345686'}]}]",False,Road,7400.65,7400.65,0.0,2.51,0,0.34,2.85,336,333.15,0.8,Low,100,Single product load — no special handling needed.,[],Consolidated 1 product(s) (200.0 kg total). Individual allocation based on 200.0 kg.,"Road only: expected transit=2.85 hr, net cost=INR7400.65, risk=0.8%"
G0001,Kiwi,Kiwi,40.0,Dhenkanal,Cuttack,Kiwi,40.0,True,Dhenkanal -> Cuttack,"[{'from': 'Dhenkanal', 'to': 'Cuttack', 'mode': 'Road', 'distance_km': 36.7, 'vehicle_no': 'OD-17-XL-4003', 'size_class': 'X-Large', 'cost_INR': 7027.87, 'gross_cost_INR': 7027.87, 'kisan_rail_subsidy_INR': 0.0, 'time_hr': np.float64(0.87), 'num_trips': 1, 'driver_name': 'Satya Prakash', 'driver_contact': '9812345686', 'vehicles': [{'vehicle_no': 'OD-17-XL-4003', 'size_class': 'X-Large', 'weight_kg': 40.0, 'trips': 1, 'driver_name': 'Satya Prakash', 'driver_contact': '9812345686'}]}]",False,Road,7027.87,7027.87,0.0,0.87,0,0.12,0.99,720.0,719.01,0.1,Low,100,Single product load — no special handling needed.,[],Kiwi: single-product load,Selected Road because its risk-adjusted cost was lowest. Gross cost INR 7027.87; Kisan Rail subsidy INR 0.00; net cost INR 7027.87; expected transit 0.99 hr.,"- Road only: expected transit=0.99 hr, net cost=INR7027.87, predicted spoilage risk=0.1% (Low)"
G0002,Kiwi,Mango,20.0,Dhenkanal,Cuttack,Mango,20.0,True,Dhenkanal -> Cuttack,"[{'from': 'Dhenkanal', 'to': 'Cuttack', 'mode': 'Road', 'distance_km': 36.7, 'vehicle_no': 'OD-17-XL-4003', 'size_class': 'X-Large', 'cost_INR': 7013.93, 'gross_cost_INR': 7013.93, 'kisan_rail_subsidy_INR': 0.0, 'time_hr': np.float64(0.87), 'num_trips': 1, 'driver_name': 'Satya Prakash', 'driver_contact': '9812345686', 'vehicles': [{'vehicle_no': 'OD-17-XL-4003', 'size_class': 'X-Large', 'weight_kg': 20.0, 'trips': 1, 'driver_name': 'Satya Prakash', 'driver_contact': '9812345686'}]}]",False,Road,7013.93,7013.93,0.0,0.87,0,0.12,0.99,288.0,287.01,0.3,Low,100,Single product load — no special handling needed.,[],Mango: single-product load,Selected Road because its risk-adjusted cost was lowest. Gross cost INR 7013.93; Kisan Rail subsidy INR 0.00; net cost INR 7013.93; expected transit 0.99 hr.,"- Road only: expected transit=0.99 hr, net cost=INR7013.93, predicted spoilage risk=0.3% (Low)"
G0001,Rasam,Kiwi,60.0,Bhubaneswar,Dhenkanal,Kiwi,60.0,True,Bhubaneswar -> Dhenkanal,"[{'from': 'Bhubaneswar', 'to': 'Dhenkanal', 'mode': 'Road', 'distance_km': 46.1, 'vehicle_no': 'OD-17-XL-4003', 'size_class': 'X-Large', 'cost_INR': 7052.58, 'gross_cost_INR': 7052.58, 'kisan_rail_subsidy_INR': 0.0, 'time_hr': np.float64(1.1), 'num_trips': 1, 'driver_name': 'Satya Prakash', 'driver_contact': '9812345686', 'vehicles': [{'vehicle_no': 'OD-17-XL-4003', 'size_class': 'X-Large', 'weight_kg': 60.0, 'trips': 1, 'driver_name': 'Satya Prakash', 'driver_contact': '9812345686'}]}]",False,Road,7052.58,7052.58,0.0,1.1,0,0.15,1.25,720.0,718.75,0.2,Low,100,Single product load — no special handling needed.,[],Kiwi: single-product load,Selected Road because its risk-adjusted cost was lowest. Gross cost INR 7052.58; Kisan Rail subsidy INR 0.00; net cost INR 7052.58; expected transit 1.25 hr.,"- Road only: expected transit=1.25 hr, net cost=INR7052.58, predicted spoilage risk=0.2% (Low)"
G0002,Rasam,Pear,40.0,Bhubaneswar,Dhenkanal,Pear,40.0,True,Bhubaneswar -> Dhenkanal,"[{'from': 'Bhubaneswar', 'to': 'Dhenkanal', 'mode': 'Road', 'distance_km': 46.1, 'vehicle_no': 'OD-14-L-3005', 'size_class': 'Large', 'cost_INR': 5347.97, 'gross_cost_INR': 5347.97, 'kisan_rail_subsidy_INR': 0.0, 'time_hr': np.float64(1.07), 'num_trips': 1, 'driver_name': 'Rajesh Panda', 'driver_contact': '9812345683', 'vehicles': [{'vehicle_no': 'OD-14-L-3005', 'size_class': 'Large', 'weight_kg': 40.0, 'trips': 1, 'driver_name': 'Rajesh Panda', 'driver_contact': '9812345683'}]}]",False,Road,5347.97,5347.97,0.0,1.07,0,0.15,1.22,720.0,718.78,0.2,Low,100,Single product load — no special handling needed.,[],Pear: single-product load,Selected Road because its risk-adjusted cost was lowest. Gross cost INR 5347.97; Kisan Rail subsidy INR 0.00; net cost INR 5347.97; expected transit 1.22 hr.,"- Road only: expected transit=1.22 hr, net cost=INR5347.97, predicted spoilage risk=0.2% (Low)"
G0001,Kasim,Pomegranate,40.0,Puri,Dhenkanal,Pomegranate,40.0,True,Puri -> Dhenkanal,"[{'from': 'Puri', 'to': 'Dhenkanal', 'mode': 'Road', 'distance_km': 97.5, 'vehicle_no': 'OD-17-XL-4003', 'size_class': 'X-Large', 'cost_INR': 7074.11, 'gross_cost_INR': 7074.11, 'kisan_rail_subsidy_INR': 0.0, 'time_hr': np.float64(2.32), 'num_trips': 1, 'driver_name': 'Satya Prakash', 'driver_contact': '9812345686', 'vehicles': [{'vehicle_no': 'OD-17-XL-4003', 'size_class': 'X-Large', 'weight_kg': 40.0, 'trips': 1, 'driver_name': 'Satya Prakash', 'driver_contact': '9812345686'}]}]",False,Road,7074.11,7074.11,0.0,2.32,0,0.31,2.63,1440.0,1437.37,0.2,Low,100,Single product load — no special handling needed.,[],Pomegranate: single-product load,Selected Road because its risk-adjusted cost was lowest. Gross cost INR 7074.11; Kisan Rail subsidy INR 0.00; net cost INR 7074.11; expected transit 2.63 hr.,"- Road only: expected transit=2.63 hr, net cost=INR7074.11, predicted spoilage risk=0.2% (Low)"
G0002,Kasim,Apple,30.0,Puri,Dhenkanal,Apple,30.0,True,Puri -> Dhenkanal,"[{'from': 'Puri', 'to': 'Dhenkanal', 'mode': 'Road', 'distance_km': 97.5, 'vehicle_no': 'OD-14-L-3005', 'size_class': 'Large', 'cost_INR': 5376.06, 'gross_cost_INR': 5376.06, 'kisan_rail_subsidy_INR': 0.0, 'time_hr': np.float64(2.27), 'num_trips': 1, 'driver_name': 'Rajesh Panda', 'driver_contact': '9812345683', 'vehicles': [{'vehicle_no': 'OD-14-L-3005', 'size_class': 'Large', 'weight_kg': 30.0, 'trips': 1, 'driver_name': 'Rajesh Panda', 'driver_contact': '9812345683'}]}]",False,Road,5376.06,5376.06,0.0,2.27,0,0.31,2.58,2160.0,2157.42,0.1,Low,100,Single product load — no special handling needed.,[],Apple: single-product load,Selected Road because its risk-adjusted cost was lowest. Gross cost INR 5376.06; Kisan Rail subsidy INR 0.00; net cost INR 5376.06; expected transit 2.58 hr.,"- Road only: expected transit=2.58 hr, net cost=INR5376.06, predicted spoilage risk=0.1% (Low)"
G0001,Venneta,Litchi,20.0,Puri,Dhenkanal,Litchi,20.0,True,Puri -> Dhenkanal,"[{'from': 'Puri', 'to': 'Dhenkanal', 'mode': 'Road', 'distance_km': 97.5, 'vehicle_no': 'OD-17-XL-4003', 'size_class': 'X-Large', 'cost_INR': 7037.06, 'gross_cost_INR': 7037.06, 'kisan_rail_subsidy_INR': 0.0, 'time_hr': np.float64(2.32), 'num_trips': 1, 'driver_name': 'Satya Prakash', 'driver_contact': '9812345686', 'vehicles': [{'vehicle_no': 'OD-17-XL-4003', 'size_class': 'X-Large', 'weight_kg': 20.0, 'trips': 1, 'driver_name': 'Satya Prakash', 'driver_contact': '9812345686'}]}]",False,Road,7037.06,7037.06,0.0,2.32,0,0.31,2.63,120.0,117.37,2.2,Low,100,Single product load — no special handling needed.,[],Litchi: single-product load,Selected Road because its risk-adjusted cost was lowest. Gross cost INR 7037.06; Kisan Rail subsidy INR 0.00; net cost INR 7037.06; expected transit 2.63 hr.,"- Road only: expected transit=2.63 hr, net cost=INR7037.06, predicted spoilage risk=2.2% (Low)"
G0002,Venneta,Pineapple,30.0,Puri,Dhenkanal,Pineapple,30.0,True,Puri -> Dhenkanal,"[{'from': 'Puri', 'to': 'Dhenkanal', 'mode': 'Road', 'distance_km': 97.5, 'vehicle_no': 'OD-14-L-3005', 'size_class': 'Large', 'cost_INR': 5376.06, 'gross_cost_INR': 5376.06, 'kisan_rail_subsidy_INR': 0.0, 'time_hr': np.float64(2.27), 'num_trips': 1, 'driver_name': 'Rajesh Panda', 'driver_contact': '9812345683', 'vehicles': [{'vehicle_no': 'OD-14-L-3005', 'size_class': 'Large', 'weight_kg': 30.0, 'trips': 1, 'driver_name': 'Rajesh Panda', 'driver_contact': '9812345683'}]}]",False,Road,5376.06,5376.06,0.0,2.27,0,0.31,2.58,336.0,333.42,0.8,Low,100,Single product load — no special handling needed.,[],Pineapple: single-product load,Selected Road because its risk-adjusted cost was lowest. Gross cost INR 5376.06; Kisan Rail subsidy INR 0.00; net cost INR 5376.06; expected transit 2.58 hr.,"- Road only: expected transit=2.58 hr, net cost=INR5376.06, predicted spoilage risk=0.8% (Low)"
G0001,sUMAN,Rice,40.0,Berhampur,Jajpur,"Rice, Wheat",240.0,False,Berhampur -> Jajpur,"[{'from': 'Berhampur', 'to': 'Jajpur', 'mode': 'Road', 'distance_km': 234.9, 'vehicle_no': 'OD-05-M-2001', 'size_class': 'Medium', 'cost_INR': 2927.62, 'gross_cost_INR': 2927.62, 'kisan_rail_subsidy_INR': 0.0, 'time_hr': np.float64(5.59), 'num_trips': 1, 'driver_name': 'Gopal Das', 'driver_contact': '9812345675', 'vehicles': [{'vehicle_no': 'OD-05-M-2001', 'size_class': 'Medium', 'current_location': 'Berhampur', 'weight_kg': 240.0, 'trips': 1, 'driver_name': 'Gopal Das', 'driver_contact': '9812345675'}]}]",False,Road,487.94,487.94,0.0,5.59,0,0.75,6.34,8760.0,8753.66,0.1,Low,100,Safe to pool together in the same vehicle.,[],"Rice, Wheat",Selected Road because its risk-adjusted cost was lowest. Gross cost INR 2927.62; Kisan Rail subsidy INR 0.00; net cost INR 2927.62; expected transit 6.34 hr.,"- Road only: expected transit=6.34 hr, net cost=INR2927.62, predicted spoilage risk=0.1% (Low)"
G0001,sUMAN,Wheat,200.0,Berhampur,Jajpur,"Rice, Wheat",240.0,False,Berhampur -> Jajpur,"[{'from': 'Berhampur', 'to': 'Jajpur', 'mode': 'Road', 'distance_km': 234.9, 'vehicle_no': 'OD-05-M-2001', 'size_class': 'Medium', 'cost_INR': 2927.62, 'gross_cost_INR': 2927.62, 'kisan_rail_subsidy_INR': 0.0, 'time_hr': np.float64(5.59), 'num_trips': 1, 'driver_name': 'Gopal Das', 'driver_contact': '9812345675', 'vehicles': [{'vehicle_no': 'OD-05-M-2001', 'size_class': 'Medium', 'current_location': 'Berhampur', 'weight_kg': 240.0, 'trips': 1, 'driver_name': 'Gopal Das', 'driver_contact': '9812345675'}]}]",False,Road,2439.68,2439.68,0.0,5.59,0,0.75,6.34,8760.0,8753.66,0.1,Low,100,Safe to pool together in the same vehicle.,[],"Rice, Wheat",Selected Road because its risk-adjusted cost was lowest. Gross cost INR 2927.62; Kisan Rail subsidy INR 0.00; net cost INR 2927.62; expected transit 6.34 hr.,"- Road only: expected transit=6.34 hr, net cost=INR2927.62, predicted spoilage risk=0.1% (Low)"
G0001,Unnat,Rice,40.0,Angul,Sambalpur,"Rice, Wheat",96.0,False,Angul -> Sambalpur,"[{'from': 'Angul', 'to': 'Sambalpur', 'mode': 'Road', 'distance_km': 136.5, 'vehicle_no': 'OD-16-XL-4002', 'size_class': 'X-Large', 'cost_INR': 5957.28, 'gross_cost_INR': 5957.28, 'kisan_rail_subsidy_INR': 0.0, 'time_hr': np.float64(3.1), 'num_trips': 1, 'driver_name': 'Niranjan Behera', 'driver_contact': '9812345685', 'vehicles': [{'vehicle_no': 'OD-16-XL-4002', 'size_class': 'X-Large', 'current_location': 'Angul', 'weight_kg': 96.0, 'trips': 1, 'driver_name': 'Niranjan Behera', 'driver_contact': '9812345685'}]}]",False,Road,2482.2,2482.2,0.0,3.1,0,0.43,3.53,8760.0,8756.47,0.0,Low,100,Safe to pool together in the same vehicle.,[],"Rice, Wheat",Selected Road because its risk-adjusted cost was lowest. Gross cost INR 5957.28; Kisan Rail subsidy INR 0.00; net cost INR 5957.28; expected transit 3.53 hr.,"- Road only: expected transit=3.53 hr, net cost=INR5957.28, predicted spoilage risk=0.0% (Low)"
G0001,Unnat,Wheat,56.0,Angul,Sambalpur,"Rice, Wheat",96.0,False,Angul -> Sambalpur,"[{'from': 'Angul', 'to': 'Sambalpur', 'mode': 'Road', 'distance_km': 136.5, 'vehicle_no': 'OD-16-XL-4002', 'size_class': 'X-Large', 'cost_INR': 5957.28, 'gross_cost_INR': 5957.28, 'kisan_rail_subsidy_INR': 0.0, 'time_hr': np.float64(3.1), 'num_trips': 1, 'driver_name': 'Niranjan Behera', 'driver_contact': '9812345685', 'vehicles': [{'vehicle_no': 'OD-16-XL-4002', 'size_class': 'X-Large', 'current_location': 'Angul', 'weight_kg': 96.0, 'trips': 1, 'driver_name': 'Niranjan Behera', 'driver_contact': '9812345685'}]}]",False,Road,3475.08,3475.08,0.0,3.1,0,0.43,3.53,8760.0,8756.47,0.0,Low,100,Safe to pool together in the same vehicle.,[],"Rice, Wheat",Selected Road because its risk-adjusted cost was lowest. Gross cost INR 5957.28; Kisan Rail subsidy INR 0.00; net cost INR 5957.28; expected transit 3.53 hr.,"- Road only: expected transit=3.53 hr, net cost=INR5957.28, predicted spoilage risk=0.0% (Low)"
G0001,Okra,Onion,20.0,Puri,Cuttack,Onion,20.0,True,Puri -> Cuttack,"[{'from': 'Puri', 'to': 'Cuttack', 'mode': 'Road', 'distance_km': 72.5, 'vehicle_no': 'OD-03-S-1003', 'size_class': 'Small', 'cost_INR': 1357.97, 'gross_cost_INR': 1357.97, 'kisan_rail_subsidy_INR': 0.0, 'time_hr': np.float64(1.91), 'num_trips': 1, 'driver_name': 'Anil Nayak', 'driver_contact': '9812345673', 'vehicles': [{'vehicle_no': 'OD-03-S-1003', 'size_class': 'Small', 'current_location': 'Puri', 'weight_kg': 20.0, 'trips': 1, 'driver_name': 'Anil Nayak', 'driver_contact': '9812345673'}]}]",False,Road,1357.97,1357.97,0.0,1.91,0,0.23,2.14,2160.0,2157.86,0.1,Low,100,Single product load — no special handling needed.,[],Onion: single-product load,Selected Road because its risk-adjusted cost was lowest. Gross cost INR 1357.97; Kisan Rail subsidy INR 0.00; net cost INR 1357.97; expected transit 2.14 hr.,"- Road only: expected transit=2.14 hr, net cost=INR1357.97, predicted spoilage risk=0.1% (Low)"
G0002,Okra,Guava,40.0,Puri,Cuttack,Guava,40.0,True,Puri -> Cuttack,"[{'from': 'Puri', 'to': 'Cuttack', 'mode': 'Road', 'distance_km': 72.5, 'vehicle_no': 'OD-04-S-1004', 'size_class': 'Small', 'cost_INR': 1510.15, 'gross_cost_INR': 1510.15, 'kisan_rail_subsidy_INR': 0.0, 'time_hr': np.float64(1.86), 'num_trips': 1, 'driver_name': 'Bikash Sahoo', 'driver_contact': '9812345674', 'vehicles': [{'vehicle_no': 'OD-04-S-1004', 'size_class': 'Small', 'current_location': 'Balasore', 'weight_kg': 40.0, 'trips': 1, 'driver_name': 'Bikash Sahoo', 'driver_contact': '9812345674'}]}]",False,Road,1510.15,1510.15,0.0,1.86,0,0.23,2.09,336.0,333.91,0.6,Low,100,Single product load — no special handling needed.,[],Guava: single-product load,Selected Road because its risk-adjusted cost was lowest. Gross cost INR 1510.15; Kisan Rail subsidy INR 0.00; net cost INR 1510.15; expected transit 2.09 hr.,"- Road only: expected transit=2.09 hr, net cost=INR1510.15, predicted spoilage risk=0.6% (Low)"
G0001,Geetu Kumari,Rice,300.0,Dhenkanal,Bhubaneswar,"Wheat, Rice",700.0,False,Dhenkanal -> Bhubaneswar,"[{'from': 'Dhenkanal', 'to': 'Bhubaneswar', 'mode': 'Road', 'distance_km': 46.1, 'vehicle_no': 'OD-01-S-1001', 'size_class': 'Small', 'cost_INR': 1707.2, 'gross_cost_INR': 1707.2, 'kisan_rail_subsidy_INR': 0.0, 'time_hr': np.float64(1.15), 'num_trips': 1, 'driver_name': 'Ramesh Behera', 'driver_contact': '9812345671', 'vehicles': [{'vehicle_no': 'OD-01-S-1001', 'size_class': 'Small', 'current_location': 'Bhubaneswar', 'weight_kg': 700.0, 'trips': 1, 'driver_name': 'Ramesh Behera', 'driver_contact': '9812345671'}]}]",False,Road,731.66,731.66,0.0,1.15,0,0.15,1.3,8760.0,8758.7,0.0,Low,100,Safe to pool together in the same vehicle.,[],"Wheat, Rice",Selected Road because its risk-adjusted cost was lowest. Gross cost INR 1707.20; Kisan Rail subsidy INR 0.00; net cost INR 1707.20; expected transit 1.30 hr.,"- Road only: expected transit=1.30 hr, net cost=INR1707.20, predicted spoilage risk=0.0% (Low)"
G0001,Geetu Kumari,Wheat,400.0,Dhenkanal,Bhubaneswar,"Wheat, Rice",700.0,False,Dhenkanal -> Bhubaneswar,"[{'from': 'Dhenkanal', 'to': 'Bhubaneswar', 'mode': 'Road', 'distance_km': 46.1, 'vehicle_no': 'OD-01-S-1001', 'size_class': 'Small', 'cost_INR': 1707.2, 'gross_cost_INR': 1707.2, 'kisan_rail_subsidy_INR': 0.0, 'time_hr': np.float64(1.15), 'num_trips': 1, 'driver_name': 'Ramesh Behera', 'driver_contact': '9812345671', 'vehicles': [{'vehicle_no': 'OD-01-S-1001', 'size_class': 'Small', 'current_location': 'Bhubaneswar', 'weight_kg': 700.0, 'trips': 1, 'driver_name': 'Ramesh Behera', 'driver_contact': '9812345671'}]}]",False,Road,975.54,975.54,0.0,1.15,0,0.15,1.3,8760.0,8758.7,0.0,Low,100,Safe to pool together in the same vehicle.,[],"Wheat, Rice",Selected Road because its risk-adjusted cost was lowest. Gross cost INR 1707.20; Kisan Rail subsidy INR 0.00; net cost INR 1707.20; expected transit 1.30 hr.,"- Road only: expected transit=1.30 hr, net cost=INR1707.20, predicted spoilage risk=0.0% (Low)"
G0001,Meenakshi,Rice,200.0,Dhenkanal,Jharsuguda,"Rice, Wheat",300.0,False,Dhenkanal -> Jharsuguda,"[{'from': 'Dhenkanal', 'to': 'Jharsuguda', 'mode': 'Road', 'distance_km': 211.2, 'vehicle_no': 'OD-01-S-1001', 'size_class': 'Small', 'cost_INR': 2484.1, 'gross_cost_INR': 2484.1, 'kisan_rail_subsidy_INR': 0.0, 'time_hr': np.float64(5.28), 'num_trips': 1, 'driver_name': 'Ramesh Behera', 'driver_contact': '9812345671', 'vehicles': [{'vehicle_no': 'OD-01-S-1001', 'size_class': 'Small', 'current_location': 'Bhubaneswar', 'weight_kg': 300.0, 'trips': 1, 'driver_name': 'Ramesh Behera', 'driver_contact': '9812345671'}]}]",False,Road,1656.07,1656.07,0.0,5.28,0,0.67,5.95,8760.0,8754.05,0.1,Low,100,Safe to pool together in the same vehicle.,[],"Rice, Wheat",Selected Road because its risk-adjusted cost was lowest. Gross cost INR 2484.10; Kisan Rail subsidy INR 0.00; net cost INR 2484.10; expected transit 5.95 hr.,"- Road only: expected transit=5.95 hr, net cost=INR2484.10, predicted spoilage risk=0.1% (Low)"
G0001,Meenakshi,Wheat,100.0,Dhenkanal,Jharsuguda,"Rice, Wheat",300.0,False,Dhenkanal -> Jharsuguda,"[{'from': 'Dhenkanal', 'to': 'Jharsuguda', 'mode': 'Road', 'distance_km': 211.2, 'vehicle_no': 'OD-01-S-1001', 'size_class': 'Small', 'cost_INR': 2484.1, 'gross_cost_INR': 2484.1, 'kisan_rail_subsidy_INR': 0.0, 'time_hr': np.float64(5.28), 'num_trips': 1, 'driver_name': 'Ramesh Behera', 'driver_contact': '9812345671', 'vehicles': [{'vehicle_no': 'OD-01-S-1001', 'size_class': 'Small', 'current_location': 'Bhubaneswar', 'weight_kg': 300.0, 'trips': 1, 'driver_name': 'Ramesh Behera', 'driver_contact': '9812345671'}]}]",False,Road,828.03,828.03,0.0,5.28,0,0.67,5.95,8760.0,8754.05,0.1,Low,100,Safe to pool together in the same vehicle.,[],"Rice, Wheat",Selected Road because its risk-adjusted cost was lowest. Gross cost INR 2484.10; Kisan Rail subsidy INR 0.00; net cost INR 2484.10; expected transit 5.95 hr.,"- Road only: expected transit=5.95 hr, net cost=INR2484.10, predicted spoilage risk=0.1% (Low)"
G0001,Hemalata,Rice,10000.0,Jeypore,Angul,"Wheat, Rice",22000.0,False,Jeypore -> Koraput -> Angul,"[{'from': 'Jeypore', 'to': 'Koraput', 'mode': 'Road', 'distance_km': 15.7, 'vehicle_no': 'OD-15-XL-4001', 'size_class': 'X-Large', 'cost_INR': 15642.46, 'gross_cost_INR': 15642.46, 'kisan_rail_subsidy_INR': 0.0, 'time_hr': 0.36, 'num_trips': 1, 'driver_name': 'Chandra Sekhar', 'driver_contact': '9812345684', 'vehicles': [{'vehicle_no': 'OD-15-XL-4001', 'size_class': 'X-Large', 'current_location': 'Rourkela', 'weight_kg': 20000, 'trips': 1, 'driver_name': 'Chandra Sekhar', 'driver_contact': '9812345684'}, {'vehicle_no': 'OD-16-XL-4002', 'size_class': 'X-Large', 'current_location': 'Angul', 'weight_kg': 2000.0, 'trips': 1, 'driver_name': 'Niranjan Behera', 'driver_contact': '9812345685'}]}, {'from': 'Koraput', 'to': 'Angul', 'mode': 'Rail', 'distance_km': 336.8, 'vehicle_no': '30021', 'size_class': 'Wagon-Large', 'cost_INR': 74459.63, 'gross_cost_INR': 74459.63, 'kisan_rail_subsidy_INR': 0.0, 'time_hr': np.float64(6.12), 'num_trips': 1, 'driver_name': 'Mohan Lal', 'driver_contact': '8237829103', 'vehicles': [{'vehicle_no': '30021', 'size_class': 'Wagon-Large', 'current_location': 'Sambalpur', 'weight_kg': 22000.0, 'trips': 1, 'driver_name': 'Mohan Lal', 'driver_contact': '8237829103'}]}]",True,"Rail, Road",40955.5,40955.5,0.0,8.98,2.5,4.22,13.2,8760.0,8746.8,0.2,Low,100,Safe to pool together in the same vehicle.,[],"Wheat, Rice",Selected Multimodal because its risk-adjusted cost was lowest. Gross cost INR 90102.09; Kisan Rail subsidy INR 0.00; net cost INR 90102.09; expected transit 13.20 hr.,"- Road only: expected transit=8.91 hr, net cost=INR95786.91, predicted spoilage risk=0.1% (Low)
- Road+Rail: expected transit=13.20 hr, net cost=INR90102.09, predicted spoilage risk=0.2% (Low)"
G0001,Hemalata,Wheat,12000.0,Jeypore,Angul,"Wheat, Rice",22000.0,False,Jeypore -> Koraput -> Angul,"[{'from': 'Jeypore', 'to': 'Koraput', 'mode': 'Road', 'distance_km': 15.7, 'vehicle_no': 'OD-15-XL-4001', 'size_class': 'X-Large', 'cost_INR': 15642.46, 'gross_cost_INR': 15642.46, 'kisan_rail_subsidy_INR': 0.0, 'time_hr': 0.36, 'num_trips': 1, 'driver_name': 'Chandra Sekhar', 'driver_contact': '9812345684', 'vehicles': [{'vehicle_no': 'OD-15-XL-4001', 'size_class': 'X-Large', 'current_location': 'Rourkela', 'weight_kg': 20000, 'trips': 1, 'driver_name': 'Chandra Sekhar', 'driver_contact': '9812345684'}, {'vehicle_no': 'OD-16-XL-4002', 'size_class': 'X-Large', 'current_location': 'Angul', 'weight_kg': 2000.0, 'trips': 1, 'driver_name': 'Niranjan Behera', 'driver_contact': '9812345685'}]}, {'from': 'Koraput', 'to': 'Angul', 'mode': 'Rail', 'distance_km': 336.8, 'vehicle_no': '30021', 'size_class': 'Wagon-Large', 'cost_INR': 74459.63, 'gross_cost_INR': 74459.63, 'kisan_rail_subsidy_INR': 0.0, 'time_hr': np.float64(6.12), 'num_trips': 1, 'driver_name': 'Mohan Lal', 'driver_contact': '8237829103', 'vehicles': [{'vehicle_no': '30021', 'size_class': 'Wagon-Large', 'current_location': 'Sambalpur', 'weight_kg': 22000.0, 'trips': 1, 'driver_name': 'Mohan Lal', 'driver_contact': '8237829103'}]}]",True,"Rail, Road",49146.59,49146.59,0.0,8.98,2.5,4.22,13.2,8760.0,8746.8,0.2,Low,100,Safe to pool together in the same vehicle.,[],"Wheat, Rice",Selected Multimodal because its risk-adjusted cost was lowest. Gross cost INR 90102.09; Kisan Rail subsidy INR 0.00; net cost INR 90102.09; expected transit 13.20 hr.,"- Road only: expected transit=8.91 hr, net cost=INR95786.91, predicted spoilage risk=0.1% (Low)
- Road+Rail: expected transit=13.20 hr, net cost=INR90102.09, predicted spoilage risk=0.2% (Low)"
G0001,yashu,Rice,10000.0,Dhenkanal,Jharsuguda,"Rice, Wheat",22000.0,False,Dhenkanal -> Jharsuguda,"[{'from': 'Dhenkanal', 'to': 'Jharsuguda', 'mode': 'Road', 'distance_km': 211.2, 'vehicle_no': 'OD-16-XL-4002', 'size_class': 'X-Large', 'cost_INR': 70210.47, 'gross_cost_INR': 70210.47, 'kisan_rail_subsidy_INR': 0.0, 'time_hr': 4.8, 'num_trips': 1, 'driver_name': 'Niranjan Behera', 'driver_contact': '9812345685', 'vehicles': [{'vehicle_no': 'OD-16-XL-4002', 'size_class': 'X-Large', 'current_location': 'Angul', 'weight_kg': 15904, 'trips': 1, 'driver_name': 'Niranjan Behera', 'driver_contact': '9812345685'}, {'vehicle_no': 'OD-10-L-3001', 'size_class': 'Large', 'current_location': 'Cuttack', 'weight_kg': 6096.0, 'trips': 1, 'driver_name': 'Kumar Sahu', 'driver_contact': '9812345680'}]}]",False,Road,31913.85,31913.85,0.0,4.8,0,0.67,5.47,8760.0,8754.53,0.1,Low,100,Safe to pool together in the same vehicle.,[],"Rice, Wheat",Selected Road because its risk-adjusted cost was lowest. Gross cost INR 70210.47; Kisan Rail subsidy INR 0.00; net cost INR 70210.47; expected transit 5.47 hr.,"- Road only: expected transit=5.47 hr, net cost=INR70210.47, predicted spoilage risk=0.1% (Low)"
G0001,yashu,Wheat,12000.0,Dhenkanal,Jharsuguda,"Rice, Wheat",22000.0,False,Dhenkanal -> Jharsuguda,"[{'from': 'Dhenkanal', 'to': 'Jharsuguda', 'mode': 'Road', 'distance_km': 211.2, 'vehicle_no': 'OD-16-XL-4002', 'size_class': 'X-Large', 'cost_INR': 70210.47, 'gross_cost_INR': 70210.47, 'kisan_rail_subsidy_INR': 0.0, 'time_hr': 4.8, 'num_trips': 1, 'driver_name': 'Niranjan Behera', 'driver_contact': '9812345685', 'vehicles': [{'vehicle_no': 'OD-16-XL-4002', 'size_class': 'X-Large', 'current_location': 'Angul', 'weight_kg': 15904, 'trips': 1, 'driver_name': 'Niranjan Behera', 'driver_contact': '9812345685'}, {'vehicle_no': 'OD-10-L-3001', 'size_class': 'Large', 'current_location': 'Cuttack', 'weight_kg': 6096.0, 'trips': 1, 'driver_name': 'Kumar Sahu', 'driver_contact': '9812345680'}]}]",False,Road,38296.62,38296.62,0.0,4.8,0,0.67,5.47,8760.0,8754.53,0.1,Low,100,Safe to pool together in the same vehicle.,[],"Rice, Wheat",Selected Road because its risk-adjusted cost was lowest. Gross cost INR 70210.47; Kisan Rail subsidy INR 0.00; net cost INR 70210.47; expected transit 5.47 hr.,"- Road only: expected transit=5.47 hr, net cost=INR70210.47, predicted spoilage risk=0.1% (Low)"
G0001,Wamika,Rice,12000.0,Angul,Jeypore,"Rice, Wheat",19500.0,False,Angul -> Koraput -> Jeypore,"[{'from': 'Angul', 'to': 'Koraput', 'mode': 'Rail', 'distance_km': 336.8, 'vehicle_no': '30021', 'size_class': 'Wagon-Large', 'cost_INR': 69407.4, 'gross_cost_INR': 69407.4, 'kisan_rail_subsidy_INR': 0.0, 'time_hr': np.float64(6.12), 'num_trips': 1, 'driver_name': 'Mohan Lal', 'driver_contact': '8237829103', 'vehicles': [{'vehicle_no': '30021', 'size_class': 'Wagon-Large', 'current_location': 'Sambalpur', 'weight_kg': 19500.0, 'trips': 1, 'driver_name': 'Mohan Lal', 'driver_contact': '8237829103'}]}, {'from': 'Koraput', 'to': 'Jeypore', 'mode': 'Road', 'distance_km': 15.7, 'vehicle_no': 'OD-11-L-3002', 'size_class': 'Large', 'cost_INR': 13864.48, 'gross_cost_INR': 13864.48, 'kisan_rail_subsidy_INR': 0.0, 'time_hr': 0.37, 'num_trips': 1, 'driver_name': 'Pradeep Nayak', 'driver_contact': '9812345681', 'vehicles': [{'vehicle_no': 'OD-11-L-3002', 'size_class': 'Large', 'current_location': 'Puri', 'weight_kg': 8000, 'trips': 1, 'driver_name': 'Pradeep Nayak', 'driver_contact': '9812345681'}, {'vehicle_no': 'OD-12-L-3003', 'size_class': 'Large', 'current_location': 'Balasore', 'weight_kg': 7500, 'trips': 1, 'driver_name': 'Bijay Mishra', 'driver_contact': '9812345682'}, {'vehicle_no': 'OD-06-M-2002', 'size_class': 'Medium', 'current_location': 'Sambalpur', 'weight_kg': 4000.0, 'trips': 1, 'driver_name': 'Manoj Patra', 'driver_contact': '9812345676'}]}]",True,"Rail, Road",51244.23,51244.23,0.0,8.99,2.5,4.22,13.21,8760.0,8746.79,0.2,Low,100,Safe to pool together in the same vehicle.,[],"Rice, Wheat",Selected Multimodal because its risk-adjusted cost was lowest. Gross cost INR 83271.88; Kisan Rail subsidy INR 0.00; net cost INR 83271.88; expected transit 13.21 hr.,"- Road only: expected transit=9.09 hr, net cost=INR127840.40, predicted spoilage risk=0.1% (Low)
- Road+Rail: expected transit=13.21 hr, net cost=INR83271.88, predicted spoilage risk=0.2% (Low)"
G0001,Wamika,Wheat,7500.0,Angul,Jeypore,"Rice, Wheat",19500.0,False,Angul -> Koraput -> Jeypore,"[{'from': 'Angul', 'to': 'Koraput', 'mode': 'Rail', 'distance_km': 336.8, 'vehicle_no': '30021', 'size_class': 'Wagon-Large', 'cost_INR': 69407.4, 'gross_cost_INR': 69407.4, 'kisan_rail_subsidy_INR': 0.0, 'time_hr': np.float64(6.12), 'num_trips': 1, 'driver_name': 'Mohan Lal', 'driver_contact': '8237829103', 'vehicles': [{'vehicle_no': '30021', 'size_class': 'Wagon-Large', 'current_location': 'Sambalpur', 'weight_kg': 19500.0, 'trips': 1, 'driver_name': 'Mohan Lal', 'driver_contact': '8237829103'}]}, {'from': 'Koraput', 'to': 'Jeypore', 'mode': 'Road', 'distance_km': 15.7, 'vehicle_no': 'OD-11-L-3002', 'size_class': 'Large', 'cost_INR': 13864.48, 'gross_cost_INR': 13864.48, 'kisan_rail_subsidy_INR': 0.0, 'time_hr': 0.37, 'num_trips': 1, 'driver_name': 'Pradeep Nayak', 'driver_contact': '9812345681', 'vehicles': [{'vehicle_no': 'OD-11-L-3002', 'size_class': 'Large', 'current_location': 'Puri', 'weight_kg': 8000, 'trips': 1, 'driver_name': 'Pradeep Nayak', 'driver_contact': '9812345681'}, {'vehicle_no': 'OD-12-L-3003', 'size_class': 'Large', 'current_location': 'Balasore', 'weight_kg': 7500, 'trips': 1, 'driver_name': 'Bijay Mishra', 'driver_contact': '9812345682'}, {'vehicle_no': 'OD-06-M-2002', 'size_class': 'Medium', 'current_location': 'Sambalpur', 'weight_kg': 4000.0, 'trips': 1, 'driver_name': 'Manoj Patra', 'driver_contact': '9812345676'}]}]",True,"Rail, Road",32027.65,32027.65,0.0,8.99,2.5,4.22,13.21,8760.0,8746.79,0.2,Low,100,Safe to pool together in the same vehicle.,[],"Rice, Wheat",Selected Multimodal because its risk-adjusted cost was lowest. Gross cost INR 83271.88; Kisan Rail subsidy INR 0.00; net cost INR 83271.88; expected transit 13.21 hr.,"- Road only: expected transit=9.09 hr, net cost=INR127840.40, predicted spoilage risk=0.1% (Low)
- Road+Rail: expected transit=13.21 hr, net cost=INR83271.88, predicted spoilage risk=0.2% (Low)"
G0001,yam,Rice,200.0,Puri,Jajpur,Rice,200.0,False,Puri -> Jajpur,"[{'from': 'Puri', 'to': 'Jajpur', 'mode': 'Road', 'distance_km': 126.9, 'vehicle_no': 'OD-02-S-1002', 'size_class': 'Small', 'cost_INR': 1658.14, 'gross_cost_INR': 1658.14, 'kisan_rail_subsidy_INR': 0.0, 'time_hr': np.float64(3.02), 'num_trips': 1, 'driver_name': 'Suresh Behera', 'driver_contact': '9812345672', 'vehicles': [{'vehicle_no': 'OD-02-S-1002', 'size_class': 'Small', 'current_location': 'Cuttack', 'weight_kg': 200.0, 'trips': 1, 'driver_name': 'Suresh Behera', 'driver_contact': '9812345672'}]}]",False,Road,1658.14,1658.14,0.0,3.02,0,0.4,3.42,8760.0,8756.58,0.0,Low,100,Single product load — no special handling needed.,[],Rice: single-product load,Selected Road because its risk-adjusted cost was lowest. Gross cost INR 1658.14; Kisan Rail subsidy INR 0.00; net cost INR 1658.14; expected transit 3.42 hr.,"- Road only: expected transit=3.42 hr, net cost=INR1658.14, predicted spoilage risk=0.0% (Low)"
G0002,yam,Almond,350.0,Puri,Jajpur,Almond,350.0,True,Puri -> Jajpur,"[{'from': 'Puri', 'to': 'Jajpur', 'mode': 'Road', 'distance_km': 126.9, 'vehicle_no': 'OD-03-S-1003', 'size_class': 'Small', 'cost_INR': 3075.91, 'gross_cost_INR': 3075.91, 'kisan_rail_subsidy_INR': 0.0, 'time_hr': np.float64(3.34), 'num_trips': 1, 'driver_name': 'Anil Nayak', 'driver_contact': '9812345673', 'vehicles': [{'vehicle_no': 'OD-03-S-1003', 'size_class': 'Small', 'current_location': 'Puri', 'weight_kg': 350.0, 'trips': 1, 'driver_name': 'Anil Nayak', 'driver_contact': '9812345673'}]}]",False,Road,3075.91,3075.91,0.0,3.34,0,0.4,3.74,8760.0,8756.26,0.0,Low,100,Single product load — no special handling needed.,[],Almond: single-product load,Selected Road because its risk-adjusted cost was lowest. Gross cost INR 3075.91; Kisan Rail subsidy INR 0.00; net cost INR 3075.91; expected transit 3.74 hr.,"- Road only: expected transit=3.74 hr, net cost=INR3075.91, predicted spoilage risk=0.0% (Low)"
G0001,Sima,Tomato,200.0,Rourkela,Koraput,Tomato,200.0,True,Rourkela -> Koraput,"[{'from': 'Rourkela', 'to': 'Koraput', 'mode': 'Road', 'distance_km': 440.3, 'vehicle_no': 'OD-04-S-1004', 'size_class': 'Small', 'cost_INR': 4746.47, 'gross_cost_INR': 4746.47, 'kisan_rail_subsidy_INR': 0.0, 'time_hr': np.float64(11.29), 'num_trips': 1, 'driver_name': 'Bikash Sahoo', 'driver_contact': '9812345674', 'vehicles': [{'vehicle_no': 'OD-04-S-1004', 'size_class': 'Small', 'current_location': 'Balasore', 'weight_kg': 200.0, 'trips': 1, 'driver_name': 'Bikash Sahoo', 'driver_contact': '9812345674'}]}]",False,Road,4746.47,4746.47,0.0,11.29,0,1.4,12.69,240.0,227.31,5.3,Low,100,Single product load — no special handling needed.,[],Tomato: single-product load,Selected Road because its risk-adjusted cost was lowest. Gross cost INR 4746.47; Kisan Rail subsidy INR 0.00; net cost INR 4746.47; expected transit 12.69 hr.,"- Road only: expected transit=12.69 hr, net cost=INR4746.47, predicted spoilage risk=5.3% (Low)"
G0002,Sima,Guava,300.0,Rourkela,Koraput,Guava,300.0,True,Rourkela -> Koraput,"[{'from': 'Rourkela', 'to': 'Koraput', 'mode': 'Road', 'distance_km': 440.3, 'vehicle_no': 'OD-03-S-1003', 'size_class': 'Small', 'cost_INR': 6583.9, 'gross_cost_INR': 6583.9, 'kisan_rail_subsidy_INR': 0.0, 'time_hr': np.float64(11.59), 'num_trips': 1, 'driver_name': 'Anil Nayak', 'driver_contact': '9812345673', 'vehicles': [{'vehicle_no': 'OD-03-S-1003', 'size_class': 'Small', 'current_location': 'Puri', 'weight_kg': 300.0, 'trips': 1, 'driver_name': 'Anil Nayak', 'driver_contact': '9812345673'}]}]",False,Road,6583.9,6583.9,0.0,11.59,0,1.4,12.99,336.0,323.01,3.9,Low,100,Single product load — no special handling needed.,[],Guava: single-product load,Selected Road because its risk-adjusted cost was lowest. Gross cost INR 6583.90; Kisan Rail subsidy INR 0.00; net cost INR 6583.90; expected transit 12.99 hr.,"- Road only: expected transit=12.99 hr, net cost=INR6583.90, predicted spoilage risk=3.9% (Low)"
G0001,Yamini,Tomato,200.0,Bhubaneswar,Rourkela,"Tomato, Guava",500.0,True,Bhubaneswar -> Rourkela,"[{'from': 'Bhubaneswar', 'to': 'Rourkela', 'mode': 'Road', 'distance_km': 235.5, 'vehicle_no': 'OD-09-M-2005', 'size_class': 'Medium', 'cost_INR': 6332.98, 'gross_cost_INR': 6332.98, 'kisan_rail_subsidy_INR': 0.0, 'time_hr': np.float64(5.74), 'num_trips': 1, 'driver_name': 'Ashok Jena', 'driver_contact': '9812345679', 'vehicles': [{'vehicle_no': 'OD-09-M-2005', 'size_class': 'Medium', 'current_location': 'Bhubaneswar', 'weight_kg': 500.0, 'trips': 1, 'driver_name': 'Ashok Jena', 'driver_contact': '9812345679'}]}]",False,Road,2533.19,2533.19,0.0,5.74,0,0.75,6.49,240.0,233.51,2.7,Low,45,"Technically compatible, but consider shipping separately if possible.","[""Matrix override: Tomato normally can't ride with Guava (ethylene) — human override in place, monitor closely and ventilate well."", 'Narrow shared temperature window (10-10°C) — set the vehicle to this exact range and recheck it mid-route.', 'Keep humidity within 85-90% for both items.', 'Different packaging (Fragile/soft vs Produce/crate) — keep in separate crates/sections of the vehicle.', 'Tomato gives off ethylene — keep the vehicle ventilated during transit.']","Tomato, Guava",Selected Road because its risk-adjusted cost was lowest. Gross cost INR 6332.98; Kisan Rail subsidy INR 0.00; net cost INR 6332.98; expected transit 6.49 hr.,"- Road only: expected transit=6.49 hr, net cost=INR6332.98, predicted spoilage risk=2.7% (Low)"
G0001,Yamini,Guava,300.0,Bhubaneswar,Rourkela,"Tomato, Guava",500.0,True,Bhubaneswar -> Rourkela,"[{'from': 'Bhubaneswar', 'to': 'Rourkela', 'mode': 'Road', 'distance_km': 235.5, 'vehicle_no': 'OD-09-M-2005', 'size_class': 'Medium', 'cost_INR': 6332.98, 'gross_cost_INR': 6332.98, 'kisan_rail_subsidy_INR': 0.0, 'time_hr': np.float64(5.74), 'num_trips': 1, 'driver_name': 'Ashok Jena', 'driver_contact': '9812345679', 'vehicles': [{'vehicle_no': 'OD-09-M-2005', 'size_class': 'Medium', 'current_location': 'Bhubaneswar', 'weight_kg': 500.0, 'trips': 1, 'driver_name': 'Ashok Jena', 'driver_contact': '9812345679'}]}]",False,Road,3799.79,3799.79,0.0,5.74,0,0.75,6.49,336.0,329.51,1.9,Low,45,"Technically compatible, but consider shipping separately if possible.","[""Matrix override: Tomato normally can't ride with Guava (ethylene) — human override in place, monitor closely and ventilate well."", 'Narrow shared temperature window (10-10°C) — set the vehicle to this exact range and recheck it mid-route.', 'Keep humidity within 85-90% for both items.', 'Different packaging (Fragile/soft vs Produce/crate) — keep in separate crates/sections of the vehicle.', 'Tomato gives off ethylene — keep the vehicle ventilated during transit.']","Tomato, Guava",Selected Road because its risk-adjusted cost was lowest. Gross cost INR 6332.98; Kisan Rail subsidy INR 0.00; net cost INR 6332.98; expected transit 6.49 hr.,"- Road only: expected transit=6.49 hr, net cost=INR6332.98, predicted spoilage risk=2.7% (Low)"
G0001,Yamu,Kiwi,20.0,Cuttack,Jeypore,"Kiwi, Litchi",35.0,True,Cuttack -> Jeypore,"[{'from': 'Cuttack', 'to': 'Jeypore', 'mode': 'Road', 'distance_km': 389.6, 'vehicle_no': 'OD-03-S-1003', 'size_class': 'Small', 'cost_INR': 1845.41, 'gross_cost_INR': 1845.41, 'kisan_rail_subsidy_INR': 0.0, 'time_hr': np.float64(10.25), 'num_trips': 1, 'driver_name': 'Anil Nayak', 'driver_contact': '9812345673', 'vehicles': [{'vehicle_no': 'OD-03-S-1003', 'size_class': 'Small', 'current_location': 'Puri', 'weight_kg': 35.0, 'trips': 1, 'driver_name': 'Anil Nayak', 'driver_contact': '9812345673'}]}]",False,Road,1054.52,1054.52,0.0,10.25,0,1.24,11.49,720.0,708.51,1.6,Low,72,"Poolable, but follow the handling notes closely.","['Keep the vehicle within 1-4°C for both items.', 'Keep humidity within 90-95% for both items.', 'Different packaging (Produce/crate vs Fragile/soft) — keep in separate crates/sections of the vehicle.', 'Litchi has a much shorter shelf life — load it last, unload it first.']","Kiwi, Litchi",Selected Road because its risk-adjusted cost was lowest. Gross cost INR 1845.41; Kisan Rail subsidy INR 0.00; net cost INR 1845.41; expected transit 11.49 hr.,"- Road only: expected transit=11.49 hr, net cost=INR1845.41, predicted spoilage risk=9.6% (Low)"
G0001,Yamu,Litchi,15.0,Cuttack,Jeypore,"Kiwi, Litchi",35.0,True,Cuttack -> Jeypore,"[{'from': 'Cuttack', 'to': 'Jeypore', 'mode': 'Road', 'distance_km': 389.6, 'vehicle_no': 'OD-03-S-1003', 'size_class': 'Small', 'cost_INR': 1845.41, 'gross_cost_INR': 1845.41, 'kisan_rail_subsidy_INR': 0.0, 'time_hr': np.float64(10.25), 'num_trips': 1, 'driver_name': 'Anil Nayak', 'driver_contact': '9812345673', 'vehicles': [{'vehicle_no': 'OD-03-S-1003', 'size_class': 'Small', 'current_location': 'Puri', 'weight_kg': 35.0, 'trips': 1, 'driver_name': 'Anil Nayak', 'driver_contact': '9812345673'}]}]",False,Road,790.89,790.89,0.0,10.25,0,1.24,11.49,120.0,108.51,9.6,Low,72,"Poolable, but follow the handling notes closely.","['Keep the vehicle within 1-4°C for both items.', 'Keep humidity within 90-95% for both items.', 'Different packaging (Produce/crate vs Fragile/soft) — keep in separate crates/sections of the vehicle.', 'Litchi has a much shorter shelf life — load it last, unload it first.']","Kiwi, Litchi",Selected Road because its risk-adjusted cost was lowest. Gross cost INR 1845.41; Kisan Rail subsidy INR 0.00; net cost INR 1845.41; expected transit 11.49 hr.,"- Road only: expected transit=11.49 hr, net cost=INR1845.41, predicted spoilage risk=9.6% (Low)"
Iram,918291901,Large Cardamom,Balangir,Jharsuguda,2026-11-05,12000.0,False,No valid route found between Balangir and Jharsuguda,,,,,,,,,,,,,,,,,,,,,,,,,
Iram,,Pumpkin,Balangir,Jharsuguda,,7500.0,,,G0002,Pumpkin,7500.0,True,Balangir -> Jharsuguda,"[{'from': 'Balangir', 'to': 'Jharsuguda', 'mode': 'Road', 'distance_km': 139.2, 'vehicle_no': 'OD-17-XL-4003', 'size_class': 'X-Large', 'cost_INR': 26831.13, 'gross_cost_INR': 26831.13, 'kisan_rail_subsidy_INR': 0.0, 'time_hr': np.float64(3.31), 'num_trips': 1, 'driver_name': 'Satya Prakash', 'driver_contact': '9812345686', 'vehicles': [{'vehicle_no': 'OD-17-XL-4003', 'size_class': 'X-Large', 'current_location': 'Bhubaneswar', 'weight_kg': 7500.0, 'trips': 1, 'driver_name': 'Satya Prakash', 'driver_contact': '9812345686'}]}]",False,Road,26831.13,26831.13,0.0,3.31,0.0,0.44,3.75,720.0,716.25,0.5,Low,100.0,Single product load — no special handling needed.,[],Pumpkin: single-product load,Selected Road because its risk-adjusted cost was lowest. Gross cost INR 26831.13; Kisan Rail subsidy INR 0.00; net cost INR 26831.13; expected transit 3.75 hr.,"- Road only: expected transit=3.75 hr, net cost=INR26831.13, predicted spoilage risk=0.5% (Low)"
Iram,,Tomato,Balangir,Jharsuguda,,300.0,,,G0003,Tomato,300.0,True,Balangir -> Jharsuguda,"[{'from': 'Balangir', 'to': 'Jharsuguda', 'mode': 'Road', 'distance_km': 139.2, 'vehicle_no': 'OD-04-S-1004', 'size_class': 'Small', 'cost_INR': 2986.49, 'gross_cost_INR': 2986.49, 'kisan_rail_subsidy_INR': 0.0, 'time_hr': np.float64(3.57), 'num_trips': 1, 'driver_name': 'Bikash Sahoo', 'driver_contact': '9812345674', 'vehicles': [{'vehicle_no': 'OD-04-S-1004', 'size_class': 'Small', 'current_location': 'Balasore', 'weight_kg': 300.0, 'trips': 1, 'driver_name': 'Bikash Sahoo', 'driver_contact': '9812345674'}]}]",False,Road,2986.49,2986.49,0.0,3.57,0.0,0.44,4.01,240.0,235.99,1.7,Low,100.0,Single product load — no special handling needed.,[],Tomato: single-product load,Selected Road because its risk-adjusted cost was lowest. Gross cost INR 2986.49; Kisan Rail subsidy INR 0.00; net cost INR 2986.49; expected transit 4.01 hr.,"- Road only: expected transit=4.01 hr, net cost=INR2986.49, predicted spoilage risk=1.7% (Low)"
G0001,Hamza,Large Cardamom,300.0,Bhubaneswar,Rourkela,Large Cardamom,300.0,False,Bhubaneswar -> Rourkela,"[{'from': 'Bhubaneswar', 'to': 'Rourkela', 'mode': 'Road', 'distance_km': 235.5, 'vehicle_no': 'OD-01-S-1001', 'size_class': 'Small', 'cost_INR': 2666.49, 'gross_cost_INR': 2666.49, 'kisan_rail_subsidy_INR': 0.0, 'time_hr': np.float64(5.89), 'num_trips': 1, 'driver_name': 'Ramesh Behera', 'driver_contact': '9812345671', 'vehicles': [{'vehicle_no': 'OD-01-S-1001', 'size_class': 'Small', 'current_location': 'Bhubaneswar', 'weight_kg': 300.0, 'trips': 1, 'driver_name': 'Ramesh Behera', 'driver_contact': '9812345671', 'order_id': 'G0001-T1'}]}]",False,Road,2666.49,2666.49,0.0,5.89,0,0.75,6.64,8760.0,8753.36,0.1,Low,100,Single product load — no special handling needed.,[],Large Cardamom: single-product load,Selected Road because its risk-adjusted cost was lowest. Gross cost INR 2666.49; Kisan Rail subsidy INR 0.00; net cost INR 2666.49; expected transit 6.64 hr.,"- Road only: expected transit=6.64 hr, net cost=INR2666.49, predicted spoilage risk=0.1% (Low)"
G0002,Hamza,Kiwi,12.0,Bhubaneswar,Rourkela,Kiwi,12.0,True,Bhubaneswar -> Rourkela,"[{'from': 'Bhubaneswar', 'to': 'Rourkela', 'mode': 'Road', 'distance_km': 235.5, 'vehicle_no': 'OD-09-M-2005', 'size_class': 'Medium', 'cost_INR': 2884.79, 'gross_cost_INR': 2884.79, 'kisan_rail_subsidy_INR': 0.0, 'time_hr': np.float64(5.74), 'num_trips': 1, 'driver_name': 'Ashok Jena', 'driver_contact': '9812345679', 'vehicles': [{'vehicle_no': 'OD-09-M-2005', 'size_class': 'Medium', 'current_location': 'Bhubaneswar', 'weight_kg': 12.0, 'trips': 1, 'driver_name': 'Ashok Jena', 'driver_contact': '9812345679', 'order_id': 'G0002-T1'}]}]",False,Road,2884.79,2884.79,0.0,5.74,0,0.75,6.49,720.0,713.51,0.9,Low,100,Single product load — no special handling needed.,[],Kiwi: single-product load,Selected Road because its risk-adjusted cost was lowest. Gross cost INR 2884.79; Kisan Rail subsidy INR 0.00; net cost INR 2884.79; expected transit 6.49 hr.,"- Road only: expected transit=6.49 hr, net cost=INR2884.79, predicted spoilage risk=0.9% (Low)"
G0003,Hamza,Okra,200.0,Bhubaneswar,Rourkela,Okra,200.0,True,Bhubaneswar -> Rourkela,"[{'from': 'Bhubaneswar', 'to': 'Rourkela', 'mode': 'Road', 'distance_km': 235.5, 'vehicle_no': 'OD-17-XL-4003', 'size_class': 'X-Large', 'cost_INR': 7895.02, 'gross_cost_INR': 7895.02, 'kisan_rail_subsidy_INR': 0.0, 'time_hr': np.float64(5.61), 'num_trips': 1, 'driver_name': 'Satya Prakash', 'driver_contact': '9812345686', 'vehicles': [{'vehicle_no': 'OD-17-XL-4003', 'size_class': 'X-Large', 'current_location': 'Bhubaneswar', 'weight_kg': 200.0, 'trips': 1, 'driver_name': 'Satya Prakash', 'driver_contact': '9812345686', 'order_id': 'G0003-T1'}]}]",False,Road,7895.02,7895.02,0.0,5.61,0,0.75,6.36,120.0,113.64,5.3,Low,100,Single product load — no special handling needed.,[],Okra: single-product load,Selected Road because its risk-adjusted cost was lowest. Gross cost INR 7895.02; Kisan Rail subsidy INR 0.00; net cost INR 7895.02; expected transit 6.36 hr.,"- Road only: expected transit=6.36 hr, net cost=INR7895.02, predicted spoilage risk=5.3% (Low)"
G0001,Unati,Rice,300.0,Puri,Rourkela,Rice,300.0,False,Puri -> Rourkela,"[{'from': 'Puri', 'to': 'Rourkela', 'mode': 'Road', 'distance_km': 286.3, 'vehicle_no': 'OD-11-L-3002', 'size_class': 'Large', 'cost_INR': 4759.96, 'gross_cost_INR': 4759.96, 'kisan_rail_subsidy_INR': 0.0, 'time_hr': np.float64(6.51), 'num_trips': 1, 'driver_name': 'Pradeep Nayak', 'driver_contact': '9812345681', 'vehicles': [{'vehicle_no': 'OD-11-L-3002', 'size_class': 'Large', 'current_location': 'Puri', 'weight_kg': 300.0, 'trips': 1, 'driver_name': 'Pradeep Nayak', 'driver_contact': '9812345681', 'order_id': 'G0001-T1'}]}]",False,Road,4759.96,4759.96,0.0,6.51,0,0.91,7.42,8760.0,8752.58,0.1,Low,100,Single product load — no special handling needed.,[],Rice: single-product load,Selected Road because its risk-adjusted cost was lowest. Gross cost INR 4759.96; Kisan Rail subsidy INR 0.00; net cost INR 4759.96; expected transit 7.42 hr.,"- Road only: expected transit=7.42 hr, net cost=INR4759.96, predicted spoilage risk=0.1% (Low)"
G0001,Qasam,Rice,300.0,Puri,Rourkela,"Wheat, Rice",320.0,False,Puri -> Rourkela,"[{'from': 'Puri', 'to': 'Rourkela', 'mode': 'Road', 'distance_km': 286.3, 'vehicle_no': 'OD-11-L-3002', 'size_class': 'Large', 'cost_INR': 4857.29, 'gross_cost_INR': 4857.29, 'kisan_rail_subsidy_INR': 0.0, 'time_hr': np.float64(6.51), 'num_trips': 1, 'driver_name': 'Pradeep Nayak', 'driver_contact': '9812345681', 'vehicles': [{'vehicle_no': 'OD-11-L-3002', 'size_class': 'Large', 'current_location': 'Puri', 'weight_kg': 320.0, 'trips': 1, 'driver_name': 'Pradeep Nayak', 'driver_contact': '9812345681', 'order_id': 'G0001-T1'}]}]",False,Road,4553.71,4553.71,0.0,6.51,0,0.91,7.42,8760.0,8752.58,0.1,Low,100,Safe to pool — no special precautions needed.,[],"Wheat, Rice",Selected Road because its risk-adjusted cost was lowest. Gross cost INR 4857.29; Kisan Rail subsidy INR 0.00; net cost INR 4857.29; expected transit 7.42 hr.,"- Road only: expected transit=7.42 hr, net cost=INR4857.29, predicted spoilage risk=0.1% (Low)"
G0001,Qasam,Wheat,20.0,Puri,Rourkela,"Wheat, Rice",320.0,False,Puri -> Rourkela,"[{'from': 'Puri', 'to': 'Rourkela', 'mode': 'Road', 'distance_km': 286.3, 'vehicle_no': 'OD-11-L-3002', 'size_class': 'Large', 'cost_INR': 4857.29, 'gross_cost_INR': 4857.29, 'kisan_rail_subsidy_INR': 0.0, 'time_hr': np.float64(6.51), 'num_trips': 1, 'driver_name': 'Pradeep Nayak', 'driver_contact': '9812345681', 'vehicles': [{'vehicle_no': 'OD-11-L-3002', 'size_class': 'Large', 'current_location': 'Puri', 'weight_kg': 320.0, 'trips': 1, 'driver_name': 'Pradeep Nayak', 'driver_contact': '9812345681', 'order_id': 'G0001-T1'}]}]",False,Road,303.58,303.58,0.0,6.51,0,0.91,7.42,8760.0,8752.58,0.1,Low,100,Safe to pool — no special precautions needed.,[],"Wheat, Rice",Selected Road because its risk-adjusted cost was lowest. Gross cost INR 4857.29; Kisan Rail subsidy INR 0.00; net cost INR 4857.29; expected transit 7.42 hr.,"- Road only: expected transit=7.42 hr, net cost=INR4857.29, predicted spoilage risk=0.1% (Low)"
G0001,Isha,Rice,300.0,Puri,Rourkela,"Wheat, Rice",320.0,False,Puri -> Rourkela,"[{'from': 'Puri', 'to': 'Rourkela', 'mode': 'Road', 'distance_km': 286.3, 'vehicle_no': 'OD-11-L-3002', 'size_class': 'Large', 'cost_INR': 4857.29, 'gross_cost_INR': 4857.29, 'kisan_rail_subsidy_INR': 0.0, 'time_hr': np.float64(6.51), 'num_trips': 1, 'driver_name': 'Pradeep Nayak', 'driver_contact': '9812345681', 'vehicles': [{'vehicle_no': 'OD-11-L-3002', 'size_class': 'Large', 'current_location': 'Puri', 'weight_kg': 320.0, 'trips': 1, 'driver_name': 'Pradeep Nayak', 'driver_contact': '9812345681', 'order_id': 'G0001-T1'}]}]",False,Road,4553.71,4553.71,0.0,6.51,0,0.91,7.42,8760.0,8752.58,0.1,Low,100,Safe to pool — no special precautions needed.,[],"Wheat, Rice",Selected Road because its risk-adjusted cost was lowest. Gross cost INR 4857.29; Kisan Rail subsidy INR 0.00; net cost INR 4857.29; expected transit 7.42 hr.,"- Road only: expected transit=7.42 hr, net cost=INR4857.29, predicted spoilage risk=0.1% (Low)"
G0001,Isha,Wheat,20.0,Puri,Rourkela,"Wheat, Rice",320.0,False,Puri -> Rourkela,"[{'from': 'Puri', 'to': 'Rourkela', 'mode': 'Road', 'distance_km': 286.3, 'vehicle_no': 'OD-11-L-3002', 'size_class': 'Large', 'cost_INR': 4857.29, 'gross_cost_INR': 4857.29, 'kisan_rail_subsidy_INR': 0.0, 'time_hr': np.float64(6.51), 'num_trips': 1, 'driver_name': 'Pradeep Nayak', 'driver_contact': '9812345681', 'vehicles': [{'vehicle_no': 'OD-11-L-3002', 'size_class': 'Large', 'current_location': 'Puri', 'weight_kg': 320.0, 'trips': 1, 'driver_name': 'Pradeep Nayak', 'driver_contact': '9812345681', 'order_id': 'G0001-T1'}]}]",False,Road,303.58,303.58,0.0,6.51,0,0.91,7.42,8760.0,8752.58,0.1,Low,100,Safe to pool — no special precautions needed.,[],"Wheat, Rice",Selected Road because its risk-adjusted cost was lowest. Gross cost INR 4857.29; Kisan Rail subsidy INR 0.00; net cost INR 4857.29; expected transit 7.42 hr.,"- Road only: expected transit=7.42 hr, net cost=INR4857.29, predicted spoilage risk=0.1% (Low)"
G0001,Meena,Litchi,35.0,Balangir,Berhampur,"Litchi, Kiwi",75.0,True,Balangir -> Berhampur,"[{'from': 'Balangir', 'to': 'Berhampur', 'mode': 'Road', 'distance_km': 206.6, 'vehicle_no': 'OD-03-S-1003', 'size_class': 'Small', 'cost_INR': 1919.79, 'gross_cost_INR': 1919.79, 'kisan_rail_subsidy_INR': 0.0, 'time_hr': np.float64(5.44), 'num_trips': 1, 'driver_name': 'Anil Nayak', 'driver_contact': '9812345673', 'vehicles': [{'vehicle_no': 'OD-03-S-1003', 'size_class': 'Small', 'current_location': 'Puri', 'weight_kg': 75.0, 'trips': 1, 'driver_name': 'Anil Nayak', 'driver_contact': '9812345673', 'order_id': 'G0001-T1'}]}]",False,Road,895.9,895.9,0.0,5.44,0,0.66,6.1,120.0,113.9,5.1,Low,72,"Poolable, but follow the handling notes closely.","['Keep the vehicle within 1-4°C for both items.', 'Keep humidity within 90-95% for both items.', 'Different packaging (Fragile/soft vs Produce/crate) — keep in separate crates/sections of the vehicle.', 'Litchi has a much shorter shelf life — load it last, unload it first.']","Litchi, Kiwi",Selected Road because its risk-adjusted cost was lowest. Gross cost INR 1919.79; Kisan Rail subsidy INR 0.00; net cost INR 1919.79; expected transit 6.10 hr.,"- Road only: expected transit=6.10 hr, net cost=INR1919.79, predicted spoilage risk=5.1% (Low)"
G0001,Meena,Kiwi,40.0,Balangir,Berhampur,"Litchi, Kiwi",75.0,True,Balangir -> Berhampur,"[{'from': 'Balangir', 'to': 'Berhampur', 'mode': 'Road', 'distance_km': 206.6, 'vehicle_no': 'OD-03-S-1003', 'size_class': 'Small', 'cost_INR': 1919.79, 'gross_cost_INR': 1919.79, 'kisan_rail_subsidy_INR': 0.0, 'time_hr': np.float64(5.44), 'num_trips': 1, 'driver_name': 'Anil Nayak', 'driver_contact': '9812345673', 'vehicles': [{'vehicle_no': 'OD-03-S-1003', 'size_class': 'Small', 'current_location': 'Puri', 'weight_kg': 75.0, 'trips': 1, 'driver_name': 'Anil Nayak', 'driver_contact': '9812345673', 'order_id': 'G0001-T1'}]}]",False,Road,1023.89,1023.89,0.0,5.44,0,0.66,6.1,720.0,713.9,0.8,Low,72,"Poolable, but follow the handling notes closely.","['Keep the vehicle within 1-4°C for both items.', 'Keep humidity within 90-95% for both items.', 'Different packaging (Fragile/soft vs Produce/crate) — keep in separate crates/sections of the vehicle.', 'Litchi has a much shorter shelf life — load it last, unload it first.']","Litchi, Kiwi",Selected Road because its risk-adjusted cost was lowest. Gross cost INR 1919.79; Kisan Rail subsidy INR 0.00; net cost INR 1919.79; expected transit 6.10 hr.,"- Road only: expected transit=6.10 hr, net cost=INR1919.79, predicted spoilage risk=5.1% (Low)"
G0001,Krishna,Mango,30.0,Bhadrak,Jajpur,Mango,30.0,True,Bhadrak -> Jajpur,"[{'from': 'Bhadrak', 'to': 'Jajpur', 'mode': 'Road', 'distance_km': 30.6, 'vehicle_no': 'OD-03-S-1003', 'size_class': 'Small', 'cost_INR': 1336.68, 'gross_cost_INR': 1336.68, 'kisan_rail_subsidy_INR': 0.0, 'time_hr': np.float64(0.8), 'num_trips': 1, 'driver_name': 'Anil Nayak', 'driver_contact': '9812345673', 'vehicles': [{'vehicle_no': 'OD-03-S-1003', 'size_class': 'Small', 'current_location': 'Puri', 'weight_kg': 30.0, 'trips': 1, 'driver_name': 'Anil Nayak', 'driver_contact': '9812345673', 'order_id': 'G0001-T1'}]}]",False,Road,1336.68,1336.68,0.0,0.8,0,0.1,0.9,288.0,287.1,0.3,Low,100,Single product load — no special handling needed.,[],Mango: single-product load,Selected Road because its risk-adjusted cost was lowest. Gross cost INR 1336.68; Kisan Rail subsidy INR 0.00; net cost INR 1336.68; expected transit 0.90 hr.,"- Road only: expected transit=0.90 hr, net cost=INR1336.68, predicted spoilage risk=0.3% (Low)"
G0002,Krishna,Cucumber,40.0,Bhadrak,Jajpur,Cucumber,40.0,True,Bhadrak -> Jajpur,"[{'from': 'Bhadrak', 'to': 'Jajpur', 'mode': 'Road', 'distance_km': 30.6, 'vehicle_no': 'OD-04-S-1004', 'size_class': 'Small', 'cost_INR': 1446.47, 'gross_cost_INR': 1446.47, 'kisan_rail_subsidy_INR': 0.0, 'time_hr': np.float64(0.78), 'num_trips': 1, 'driver_name': 'Bikash Sahoo', 'driver_contact': '9812345674', 'vehicles': [{'vehicle_no': 'OD-04-S-1004', 'size_class': 'Small', 'current_location': 'Balasore', 'weight_kg': 40.0, 'trips': 1, 'driver_name': 'Bikash Sahoo', 'driver_contact': '9812345674', 'order_id': 'G0002-T1'}]}]",False,Road,1446.47,1446.47,0.0,0.78,0,0.1,0.88,168.0,167.12,0.5,Low,100,Single product load — no special handling needed.,[],Cucumber: single-product load,Selected Road because its risk-adjusted cost was lowest. Gross cost INR 1446.47; Kisan Rail subsidy INR 0.00; net cost INR 1446.47; expected transit 0.88 hr.,"- Road only: expected transit=0.88 hr, net cost=INR1446.47, predicted spoilage risk=0.5% (Low)"
G0001,Omkar,Peas,25.0,Koraput,Sambalpur,Peas,25.0,True,Koraput -> Sambalpur,"[{'from': 'Koraput', 'to': 'Sambalpur', 'mode': 'Road', 'distance_km': 323.7, 'vehicle_no': 'OD-03-S-1003', 'size_class': 'Small', 'cost_INR': 1623.7, 'gross_cost_INR': 1623.7, 'kisan_rail_subsidy_INR': 0.0, 'time_hr': np.float64(8.52), 'num_trips': 1, 'driver_name': 'Anil Nayak', 'driver_contact': '9812345673', 'vehicles': [{'vehicle_no': 'OD-03-S-1003', 'size_class': 'Small', 'current_location': 'Puri', 'weight_kg': 25.0, 'trips': 1, 'driver_name': 'Anil Nayak', 'driver_contact': '9812345673', 'order_id': 'G0001-T1'}]}]",False,Road,1623.7,1623.7,0.0,8.52,0,1.03,9.55,240.0,230.45,4.0,Low,100,Single product load — no special handling needed.,[],Peas: single-product load,Selected Road because its risk-adjusted cost was lowest. Gross cost INR 1623.70; Kisan Rail subsidy INR 0.00; net cost INR 1623.70; expected transit 9.55 hr.,"- Road only: expected transit=9.55 hr, net cost=INR1623.70, predicted spoilage risk=4.0% (Low)"
G0002,Omkar,Sapota,35.0,Koraput,Sambalpur,Sapota,35.0,True,Koraput -> Sambalpur,"[{'from': 'Koraput', 'to': 'Sambalpur', 'mode': 'Road', 'distance_km': 323.7, 'vehicle_no': 'OD-04-S-1004', 'size_class': 'Small', 'cost_INR': 1830.52, 'gross_cost_INR': 1830.52, 'kisan_rail_subsidy_INR': 0.0, 'time_hr': np.float64(8.3), 'num_trips': 1, 'driver_name': 'Bikash Sahoo', 'driver_contact': '9812345674', 'vehicles': [{'vehicle_no': 'OD-04-S-1004', 'size_class': 'Small', 'current_location': 'Balasore', 'weight_kg': 35.0, 'trips': 1, 'driver_name': 'Bikash Sahoo', 'driver_contact': '9812345674', 'order_id': 'G0002-T1'}]}]",False,Road,1830.52,1830.52,0.0,8.3,0,1.03,9.33,192.0,182.67,4.9,Low,100,Single product load — no special handling needed.,[],Sapota: single-product load,Selected Road because its risk-adjusted cost was lowest. Gross cost INR 1830.52; Kisan Rail subsidy INR 0.00; net cost INR 1830.52; expected transit 9.33 hr.,"- Road only: expected transit=9.33 hr, net cost=INR1830.52, predicted spoilage risk=4.9% (Low)"
G0001,Ram,Rice,30.0,Bhubaneswar,Cuttack,"Rice, Wheat",50.0,False,Bhubaneswar -> Cuttack,"[{'from': 'Bhubaneswar', 'to': 'Cuttack', 'mode': 'Road', 'distance_km': 18.9, 'vehicle_no': 'OD-01-S-1001', 'size_class': 'Small', 'cost_INR': 923.57, 'gross_cost_INR': 923.57, 'kisan_rail_subsidy_INR': 0.0, 'time_hr': np.float64(0.47), 'num_trips': 1, 'driver_name': 'Ramesh Behera', 'driver_contact': '9812345671', 'vehicles': [{'vehicle_no': 'OD-01-S-1001', 'size_class': 'Small', 'current_location': 'Bhubaneswar', 'weight_kg': 50.0, 'trips': 1, 'driver_name': 'Ramesh Behera', 'driver_contact': '9812345671', 'order_id': 'G0001-T1'}]}]",False,Road,554.14,554.14,0.0,0.47,0,0.06,0.53,8760.0,8759.47,0.0,Low,100,Safe to pool — no special precautions needed.,[],"Rice, Wheat",Selected Road because its risk-adjusted cost was lowest. Gross cost INR 923.57; Kisan Rail subsidy INR 0.00; net cost INR 923.57; expected transit 0.53 hr.,"- Road only: expected transit=0.53 hr, net cost=INR923.57, predicted spoilage risk=0.0% (Low)"
G0001,Ram,Wheat,20.0,Bhubaneswar,Cuttack,"Rice, Wheat",50.0,False,Bhubaneswar -> Cuttack,"[{'from': 'Bhubaneswar', 'to': 'Cuttack', 'mode': 'Road', 'distance_km': 18.9, 'vehicle_no': 'OD-01-S-1001', 'size_class': 'Small', 'cost_INR': 923.57, 'gross_cost_INR': 923.57, 'kisan_rail_subsidy_INR': 0.0, 'time_hr': np.float64(0.47), 'num_trips': 1, 'driver_name': 'Ramesh Behera', 'driver_contact': '9812345671', 'vehicles': [{'vehicle_no': 'OD-01-S-1001', 'size_class': 'Small', 'current_location': 'Bhubaneswar', 'weight_kg': 50.0, 'trips': 1, 'driver_name': 'Ramesh Behera', 'driver_contact': '9812345671', 'order_id': 'G0001-T1'}]}]",False,Road,369.43,369.43,0.0,0.47,0,0.06,0.53,8760.0,8759.47,0.0,Low,100,Safe to pool — no special precautions needed.,[],"Rice, Wheat",Selected Road because its risk-adjusted cost was lowest. Gross cost INR 923.57; Kisan Rail subsidy INR 0.00; net cost INR 923.57; expected transit 0.53 hr.,"- Road only: expected transit=0.53 hr, net cost=INR923.57, predicted spoilage risk=0.0% (Low)"
G0001,Swayam,Rice,35.0,Balasore,Cuttack,"Rice, Turmeric (dry)",80.0,False,Balasore -> Cuttack,"[{'from': 'Balasore', 'to': 'Cuttack', 'mode': 'Road', 'distance_km': 158.1, 'vehicle_no': 'OD-12-L-3003', 'size_class': 'Large', 'cost_INR': 3327.69, 'gross_cost_INR': 3327.69, 'kisan_rail_subsidy_INR': 0.0, 'time_hr': np.float64(3.68), 'num_trips': 1, 'driver_name': 'Bijay Mishra', 'driver_contact': '9812345682', 'vehicles': [{'vehicle_no': 'OD-12-L-3003', 'size_class': 'Large', 'current_location': 'Balasore', 'weight_kg': 80.0, 'trips': 1, 'driver_name': 'Bijay Mishra', 'driver_contact': '9812345682', 'order_id': 'G0001-T1'}]}]",False,Road,1455.86,1455.86,0.0,3.68,0,0.5,4.18,8760.0,8755.82,0.0,Low,100,Safe to pool — no special precautions needed.,[],"Rice, Turmeric (dry)",Selected Road because its risk-adjusted cost was lowest. Gross cost INR 3327.69; Kisan Rail subsidy INR 0.00; net cost INR 3327.69; expected transit 4.18 hr.,"- Road only: expected transit=4.18 hr, net cost=INR3327.69, predicted spoilage risk=0.0% (Low)"
G0001,Swayam,Turmeric (dry),45.0,Balasore,Cuttack,"Rice, Turmeric (dry)",80.0,False,Balasore -> Cuttack,"[{'from': 'Balasore', 'to': 'Cuttack', 'mode': 'Road', 'distance_km': 158.1, 'vehicle_no': 'OD-12-L-3003', 'size_class': 'Large', 'cost_INR': 3327.69, 'gross_cost_INR': 3327.69, 'kisan_rail_subsidy_INR': 0.0, 'time_hr': np.float64(3.68), 'num_trips': 1, 'driver_name': 'Bijay Mishra', 'driver_contact': '9812345682', 'vehicles': [{'vehicle_no': 'OD-12-L-3003', 'size_class': 'Large', 'current_location': 'Balasore', 'weight_kg': 80.0, 'trips': 1, 'driver_name': 'Bijay Mishra', 'driver_contact': '9812345682', 'order_id': 'G0001-T1'}]}]",False,Road,1871.83,1871.83,0.0,3.68,0,0.5,4.18,8760.0,8755.82,0.0,Low,100,Safe to pool — no special precautions needed.,[],"Rice, Turmeric (dry)",Selected Road because its risk-adjusted cost was lowest. Gross cost INR 3327.69; Kisan Rail subsidy INR 0.00; net cost INR 3327.69; expected transit 4.18 hr.,"- Road only: expected transit=4.18 hr, net cost=INR3327.69, predicted spoilage risk=0.0% (Low)"
G0001,Sayam,Mousambi,20.0,Jajpur,Puri,"Lime, Mousambi",30.0,True,Jajpur -> Puri,"[{'from': 'Jajpur', 'to': 'Puri', 'mode': 'Road', 'distance_km': 126.9, 'vehicle_no': 'OD-03-S-1003', 'size_class': 'Small', 'cost_INR': 1452.22, 'gross_cost_INR': 1452.22, 'kisan_rail_subsidy_INR': 0.0, 'time_hr': np.float64(3.34), 'num_trips': 1, 'driver_name': 'Anil Nayak', 'driver_contact': '9812345673', 'vehicles': [{'vehicle_no': 'OD-03-S-1003', 'size_class': 'Small', 'current_location': 'Puri', 'weight_kg': 30.0, 'trips': 1, 'driver_name': 'Anil Nayak', 'driver_contact': '9812345673', 'order_id': 'G0001-T1'}]}]",False,Road,968.15,968.15,0.0,3.34,0,0.4,3.74,720.0,716.26,0.5,Low,87,Safe to pool with minor care — see handling notes below.,"['Keep the vehicle within 3-8°C for both items.', 'Keep humidity within 85-90% for both items.']","Lime, Mousambi",Selected Road because its risk-adjusted cost was lowest. Gross cost INR 1452.22; Kisan Rail subsidy INR 0.00; net cost INR 1452.22; expected transit 3.74 hr.,"- Road only: expected transit=3.74 hr, net cost=INR1452.22, predicted spoilage risk=0.5% (Low)"
G0001,Sayam,Lime,10.0,Jajpur,Puri,"Lime, Mousambi",30.0,True,Jajpur -> Puri,"[{'from': 'Jajpur', 'to': 'Puri', 'mode': 'Road', 'distance_km': 126.9, 'vehicle_no': 'OD-03-S-1003', 'size_class': 'Small', 'cost_INR': 1452.22, 'gross_cost_INR': 1452.22, 'kisan_rail_subsidy_INR': 0.0, 'time_hr': np.float64(3.34), 'num_trips': 1, 'driver_name': 'Anil Nayak', 'driver_contact': '9812345673', 'vehicles': [{'vehicle_no': 'OD-03-S-1003', 'size_class': 'Small', 'current_location': 'Puri', 'weight_kg': 30.0, 'trips': 1, 'driver_name': 'Anil Nayak', 'driver_contact': '9812345673', 'order_id': 'G0001-T1'}]}]",False,Road,484.07,484.07,0.0,3.34,0,0.4,3.74,720.0,716.26,0.5,Low,87,Safe to pool with minor care — see handling notes below.,"['Keep the vehicle within 3-8°C for both items.', 'Keep humidity within 85-90% for both items.']","Lime, Mousambi",Selected Road because its risk-adjusted cost was lowest. Gross cost INR 1452.22; Kisan Rail subsidy INR 0.00; net cost INR 1452.22; expected transit 3.74 hr.,"- Road only: expected transit=3.74 hr, net cost=INR1452.22, predicted spoilage risk=0.5% (Low)"
G0001,Tina,Okra,15.0,Bhadrak,Puri,Okra,15.0,True,Bhadrak -> Puri,"[{'from': 'Bhadrak', 'to': 'Puri', 'mode': 'Road', 'distance_km': 156.5, 'vehicle_no': 'OD-03-S-1003', 'size_class': 'Small', 'cost_INR': 1393.89, 'gross_cost_INR': 1393.89, 'kisan_rail_subsidy_INR': 0.0, 'time_hr': np.float64(4.12), 'num_trips': 1, 'driver_name': 'Anil Nayak', 'driver_contact': '9812345673', 'vehicles': [{'vehicle_no': 'OD-03-S-1003', 'size_class': 'Small', 'current_location': 'Puri', 'weight_kg': 15.0, 'trips': 1, 'driver_name': 'Anil Nayak', 'driver_contact': '9812345673', 'order_id': 'G0001-T1'}]}]",False,Road,1393.89,1393.89,0.0,4.12,0,0.5,4.62,120.0,115.38,3.8,Low,100,Single product load — no special handling needed.,[],Okra: single-product load,Selected Road because its risk-adjusted cost was lowest. Gross cost INR 1393.89; Kisan Rail subsidy INR 0.00; net cost INR 1393.89; expected transit 4.62 hr.,"- Road only: expected transit=4.62 hr, net cost=INR1393.89, predicted spoilage risk=3.8% (Low)"
